Grupo de edad,Laboratorio,Fecha inmunización,1° Dosis,2° Dosis
40-49,Campaña SARS-CoV-2 (Pfizer),2020-12-24,56,56.0
40-49,Campaña SARS-CoV-2 (Pfizer),2020-12-25,790,785.0
40-49,Campaña SARS-CoV-2 (Pfizer),2020-12-26,515,512.0
40-49,Campaña SARS-CoV-2 (Pfizer),2020-12-27,55,53.0
40-49,Campaña SARS-CoV-2 (Pfizer),2021-01-04,72,72.0
40-49,Campaña SARS-CoV-2 (Pfizer),2021-01-05,234,234.0
40-49,Campaña SARS-CoV-2 (Pfizer),2021-01-06,34,34.0
40-49,Campaña SARS-CoV-2 (Pfizer),2021-01-14,404,402.0
40-49,Campaña SARS-CoV-2 (Pfizer),2021-01-15,171,169.0
40-49,Campaña SARS-CoV-2 (Pfizer),2021-01-16,3,3.0
40-49,Campaña SARS-CoV-2 (Pfizer),2021-01-18,1968,1957.0
40-49,Campaña SARS-CoV-2 (Pfizer),2021-01-19,3661,3646.0
40-49,Campaña SARS-CoV-2 (Pfizer),2021-01-20,1692,1682.0
40-49,Campaña SARS-CoV-2 (Pfizer),2021-01-21,610,608.0
40-49,Campaña SARS-CoV-2 (Pfizer),2021-01-22,76,73.0
40-49,Campaña SARS-CoV-2 (Pfizer),2021-01-25,3,3.0
40-49,Campaña SARS-CoV-2 (Pfizer),2021-01-26,1,1.0
40-49,Campaña SARS-CoV-2 (Pfizer),2021-02-05,3,3.0
40-49,Campaña SARS-CoV-2 (Pfizer),2021-02-08,2,2.0
40-49,Campaña SARS-CoV-2 (Pfizer),2021-02-09,15,15.0
40-49,Campaña SARS-CoV-2 (Pfizer),2021-02-10,14,14.0
40-49,Campaña SARS-CoV-2 (Pfizer),2021-02-11,25,24.0
40-49,Campaña SARS-CoV-2 (Pfizer),2021-02-12,36,36.0
40-49,Campaña SARS-CoV-2 (Pfizer),2021-02-18,1,1.0
40-49,Campaña SARS-CoV-2 (Pfizer),2021-02-22,1868,1853.0
40-49,Campaña SARS-CoV-2 (Pfizer),2021-02-23,4439,4418.0
40-49,Campaña SARS-CoV-2 (Pfizer),2021-02-24,19189,19078.0
40-49,Campaña SARS-CoV-2 (Pfizer),2021-02-25,19303,19168.0
40-49,Campaña SARS-CoV-2 (Pfizer),2021-02-26,6678,6574.0
40-49,Campaña SARS-CoV-2 (Pfizer),2021-02-27,1026,1019.0
40-49,Campaña SARS-CoV-2 (Pfizer),2021-03-01,1485,1469.0
40-49,Campaña SARS-CoV-2 (Pfizer),2021-03-02,2170,2138.0
40-49,Campaña SARS-CoV-2 (Pfizer),2021-03-03,1248,1228.0
40-49,Campaña SARS-CoV-2 (Pfizer),2021-03-04,811,795.0
40-49,Campaña SARS-CoV-2 (Pfizer),2021-03-05,732,717.0
40-49,Campaña SARS-CoV-2 (Pfizer),2021-03-06,64,64.0
40-49,Campaña SARS-CoV-2 (Pfizer),2021-03-07,16,15.0
40-49,Campaña SARS-CoV-2 (Pfizer),2021-03-08,758,753.0
40-49,Campaña SARS-CoV-2 (Pfizer),2021-03-09,2072,2040.0
40-49,Campaña SARS-CoV-2 (Pfizer),2021-03-10,2973,2950.0
40-49,Campaña SARS-CoV-2 (Pfizer),2021-03-11,4451,4405.0
40-49,Campaña SARS-CoV-2 (Pfizer),2021-03-12,7545,7496.0
40-49,Campaña SARS-CoV-2 (Pfizer),2021-03-13,130,129.0
40-49,Campaña SARS-CoV-2 (Pfizer),2021-03-15,7025,6980.0
40-49,Campaña SARS-CoV-2 (Pfizer),2021-03-16,10097,10006.0
40-49,Campaña SARS-CoV-2 (Pfizer),2021-03-17,6012,5955.0
40-49,Campaña SARS-CoV-2 (Pfizer),2021-03-18,3415,3370.0
40-49,Campaña SARS-CoV-2 (Pfizer),2021-03-19,1037,1017.0
40-49,Campaña SARS-CoV-2 (Pfizer),2021-03-20,66,65.0
40-49,Campaña SARS-CoV-2 (Pfizer),2021-03-22,2747,2717.0
40-49,Campaña SARS-CoV-2 (Pfizer),2021-03-23,10076,9965.0
40-49,Campaña SARS-CoV-2 (Pfizer),2021-03-24,8396,8265.0
40-49,Campaña SARS-CoV-2 (Pfizer),2021-03-25,7270,7153.0
40-49,Campaña SARS-CoV-2 (Pfizer),2021-03-26,4966,4859.0
40-49,Campaña SARS-CoV-2 (Pfizer),2021-03-27,407,397.0
40-49,Campaña SARS-CoV-2 (Pfizer),2021-03-29,2287,2250.0
40-49,Campaña SARS-CoV-2 (Pfizer),2021-03-30,4323,4236.0
40-49,Campaña SARS-CoV-2 (Pfizer),2021-03-31,3950,3866.0
40-49,Campaña SARS-CoV-2 (Pfizer),2021-04-01,1793,1758.0
40-49,Campaña SARS-CoV-2 (Pfizer),2021-04-02,37,37.0
40-49,Campaña SARS-CoV-2 (Pfizer),2021-04-03,58,58.0
40-49,Campaña SARS-CoV-2 (Pfizer),2021-04-05,2632,2586.0
40-49,Campaña SARS-CoV-2 (Pfizer),2021-04-06,6055,5901.0
40-49,Campaña SARS-CoV-2 (Pfizer),2021-04-07,6973,6765.0
40-49,Campaña SARS-CoV-2 (Pfizer),2021-04-08,6216,6024.0
40-49,Campaña SARS-CoV-2 (Pfizer),2021-04-09,6087,5951.0
40-49,Campaña SARS-CoV-2 (Pfizer),2021-04-10,1233,1198.0
40-49,Campaña SARS-CoV-2 (Pfizer),2021-04-11,107,107.0
40-49,Campaña SARS-CoV-2 (Pfizer),2021-04-12,23592,23249.0
40-49,Campaña SARS-CoV-2 (Pfizer),2021-04-13,26660,26207.0
40-49,Campaña SARS-CoV-2 (Pfizer),2021-04-14,35154,34537.0
40-49,Campaña SARS-CoV-2 (Pfizer),2021-04-15,21816,21311.0
40-49,Campaña SARS-CoV-2 (Pfizer),2021-04-16,14140,13722.0
40-49,Campaña SARS-CoV-2 (Pfizer),2021-04-17,1902,1842.0
40-49,Campaña SARS-CoV-2 (Pfizer),2021-04-18,169,163.0
40-49,Campaña SARS-CoV-2 (Pfizer),2021-04-19,2969,2859.0
40-49,Campaña SARS-CoV-2 (Pfizer),2021-04-20,1937,1858.0
40-49,Campaña SARS-CoV-2 (Pfizer),2021-04-21,1402,1314.0
40-49,Campaña SARS-CoV-2 (Pfizer),2021-04-22,3411,3295.0
40-49,Campaña SARS-CoV-2 (Pfizer),2021-04-23,1630,1581.0
40-49,Campaña SARS-CoV-2 (Pfizer),2021-04-24,385,367.0
40-49,Campaña SARS-CoV-2 (Pfizer),2021-04-26,12676,12414.0
40-49,Campaña SARS-CoV-2 (Pfizer),2021-04-27,17189,16699.0
40-49,Campaña SARS-CoV-2 (Pfizer),2021-04-28,19739,19251.0
40-49,Campaña SARS-CoV-2 (Pfizer),2021-04-29,10028,9621.0
40-49,Campaña SARS-CoV-2 (Pfizer),2021-04-30,13327,12711.0
40-49,Campaña SARS-CoV-2 (Pfizer),2021-05-01,194,182.0
40-49,Campaña SARS-CoV-2 (Pfizer),2021-05-02,190,177.0
40-49,Campaña SARS-CoV-2 (Pfizer),2021-05-03,6302,5981.0
40-49,Campaña SARS-CoV-2 (Pfizer),2021-05-04,6024,5632.0
40-49,Campaña SARS-CoV-2 (Pfizer),2021-05-05,4087,3801.0
40-49,Campaña SARS-CoV-2 (Pfizer),2021-05-06,3783,3452.0
40-49,Campaña SARS-CoV-2 (Pfizer),2021-05-07,4518,3903.0
40-49,Campaña SARS-CoV-2 (Pfizer),2021-05-08,1184,989.0
40-49,Campaña SARS-CoV-2 (Pfizer),2021-05-09,14,12.0
40-49,Campaña SARS-CoV-2 (Pfizer),2021-05-10,1089,919.0
40-49,Campaña SARS-CoV-2 (Pfizer),2021-05-11,1006,777.0
40-49,Campaña SARS-CoV-2 (Pfizer),2021-05-12,585,452.0
40-49,Campaña SARS-CoV-2 (Pfizer),2021-05-13,946,495.0
40-49,Campaña SARS-CoV-2 (Pfizer),2021-05-14,1534,87.0
40-49,Campaña SARS-CoV-2 (Pfizer),2021-05-15,25,1.0
40-49,Campaña SARS-CoV-2 (Pfizer),2021-05-17,4316,22.0
40-49,Campaña SARS-CoV-2 (Pfizer),2021-05-18,6502,6.0
40-49,Campaña SARS-CoV-2 (Pfizer),2021-05-19,7232,6.0
40-49,Campaña SARS-CoV-2 (Pfizer),2021-05-20,5513,2.0
40-49,Campaña SARS-CoV-2 (Pfizer),2021-05-21,644,0.0
40-49,Campaña SARS-CoV-2 (Pfizer),2021-05-22,1534,0.0
40-49,Campaña SARS-CoV-2 (Pfizer),2021-05-23,191,0.0
40-49,Campaña SARS-CoV-2 (Pfizer),2021-05-24,7457,1.0
40-49,Campaña SARS-CoV-2 (Pfizer),2021-05-25,10343,0.0
40-49,Campaña SARS-CoV-2 (Pfizer),2021-05-26,5870,1.0
40-49,Campaña SARS-CoV-2 (Pfizer),2021-05-27,4344,0.0
40-49,Campaña SARS-CoV-2 (Pfizer),2021-05-28,3735,0.0
40-49,Campaña SARS-CoV-2 (Pfizer),2021-05-29,1486,0.0
40-49,Campaña SARS-CoV-2 (Pfizer),2021-05-30,218,0.0
40-49,Campaña SARS-CoV-2 (Pfizer),2021-05-31,5863,0.0
40-49,Campaña SARS-CoV-2 (Pfizer),2021-06-01,8142,0.0
40-49,Campaña SARS-CoV-2 (Pfizer),2021-06-02,6092,0.0
40-49,Campaña SARS-CoV-2 (Pfizer),2021-06-03,4245,0.0
40-49,Campaña SARS-CoV-2 (Pfizer),2021-06-04,1986,0.0
40-49,Campaña SARS-CoV-2 (Pfizer),2021-06-05,413,0.0
40-49,Campaña SARS-CoV-2 (Pfizer),2021-06-06,48,0.0
40-49,Campaña SARS-CoV-2 (Pfizer),2021-06-07,581,0.0
40-49,Campaña SARS-CoV-2 (Pfizer),2021-06-08,708,0.0
40-49,Campaña SARS-CoV-2 (Pfizer),2021-06-09,747,0.0
40-49,Campaña SARS-CoV-2 (Pfizer),2021-06-10,602,0.0
40-49,Campaña SARS-CoV-2 (Sinovac),2021-02-02,2445,2438.0
40-49,Campaña SARS-CoV-2 (Sinovac),2021-02-03,19593,19524.0
40-49,Campaña SARS-CoV-2 (Sinovac),2021-02-04,14801,14733.0
40-49,Campaña SARS-CoV-2 (Sinovac),2021-02-05,13112,13031.0
40-49,Campaña SARS-CoV-2 (Sinovac),2021-02-06,1955,1941.0
40-49,Campaña SARS-CoV-2 (Sinovac),2021-02-07,403,399.0
40-49,Campaña SARS-CoV-2 (Sinovac),2021-02-08,13318,13271.0
40-49,Campaña SARS-CoV-2 (Sinovac),2021-02-09,17393,17334.0
40-49,Campaña SARS-CoV-2 (Sinovac),2021-02-10,19283,19198.0
40-49,Campaña SARS-CoV-2 (Sinovac),2021-02-11,19777,19675.0
40-49,Campaña SARS-CoV-2 (Sinovac),2021-02-12,16900,16799.0
40-49,Campaña SARS-CoV-2 (Sinovac),2021-02-13,3298,3269.0
40-49,Campaña SARS-CoV-2 (Sinovac),2021-02-14,406,398.0
40-49,Campaña SARS-CoV-2 (Sinovac),2021-02-15,18172,18118.0
40-49,Campaña SARS-CoV-2 (Sinovac),2021-02-16,18226,18145.0
40-49,Campaña SARS-CoV-2 (Sinovac),2021-02-17,14738,14657.0
40-49,Campaña SARS-CoV-2 (Sinovac),2021-02-18,10598,10519.0
40-49,Campaña SARS-CoV-2 (Sinovac),2021-02-19,8271,8206.0
40-49,Campaña SARS-CoV-2 (Sinovac),2021-02-20,730,726.0
40-49,Campaña SARS-CoV-2 (Sinovac),2021-02-21,106,106.0
40-49,Campaña SARS-CoV-2 (Sinovac),2021-02-22,5108,5079.0
40-49,Campaña SARS-CoV-2 (Sinovac),2021-02-23,4628,4599.0
40-49,Campaña SARS-CoV-2 (Sinovac),2021-02-24,13518,13451.0
40-49,Campaña SARS-CoV-2 (Sinovac),2021-02-25,14685,14588.0
40-49,Campaña SARS-CoV-2 (Sinovac),2021-02-26,6667,6579.0
40-49,Campaña SARS-CoV-2 (Sinovac),2021-02-27,432,429.0
40-49,Campaña SARS-CoV-2 (Sinovac),2021-02-28,22,22.0
40-49,Campaña SARS-CoV-2 (Sinovac),2021-03-01,5100,5056.0
40-49,Campaña SARS-CoV-2 (Sinovac),2021-03-02,3647,3605.0
40-49,Campaña SARS-CoV-2 (Sinovac),2021-03-03,4077,4012.0
40-49,Campaña SARS-CoV-2 (Sinovac),2021-03-04,4179,4110.0
40-49,Campaña SARS-CoV-2 (Sinovac),2021-03-05,4330,4227.0
40-49,Campaña SARS-CoV-2 (Sinovac),2021-03-06,629,617.0
40-49,Campaña SARS-CoV-2 (Sinovac),2021-03-07,66,66.0
40-49,Campaña SARS-CoV-2 (Sinovac),2021-03-08,4848,4799.0
40-49,Campaña SARS-CoV-2 (Sinovac),2021-03-09,4841,4785.0
40-49,Campaña SARS-CoV-2 (Sinovac),2021-03-10,5340,5284.0
40-49,Campaña SARS-CoV-2 (Sinovac),2021-03-11,8240,8143.0
40-49,Campaña SARS-CoV-2 (Sinovac),2021-03-12,59225,58959.0
40-49,Campaña SARS-CoV-2 (Sinovac),2021-03-13,4474,4437.0
40-49,Campaña SARS-CoV-2 (Sinovac),2021-03-14,596,591.0
40-49,Campaña SARS-CoV-2 (Sinovac),2021-03-15,67452,67089.0
40-49,Campaña SARS-CoV-2 (Sinovac),2021-03-16,43233,42926.0
40-49,Campaña SARS-CoV-2 (Sinovac),2021-03-17,25164,24888.0
40-49,Campaña SARS-CoV-2 (Sinovac),2021-03-18,23560,23284.0
40-49,Campaña SARS-CoV-2 (Sinovac),2021-03-19,27299,26963.0
40-49,Campaña SARS-CoV-2 (Sinovac),2021-03-20,5550,5495.0
40-49,Campaña SARS-CoV-2 (Sinovac),2021-03-21,746,739.0
40-49,Campaña SARS-CoV-2 (Sinovac),2021-03-22,30522,30204.0
40-49,Campaña SARS-CoV-2 (Sinovac),2021-03-23,27684,27367.0
40-49,Campaña SARS-CoV-2 (Sinovac),2021-03-24,19232,18988.0
40-49,Campaña SARS-CoV-2 (Sinovac),2021-03-25,13946,13736.0
40-49,Campaña SARS-CoV-2 (Sinovac),2021-03-26,15395,15144.0
40-49,Campaña SARS-CoV-2 (Sinovac),2021-03-27,2053,2027.0
40-49,Campaña SARS-CoV-2 (Sinovac),2021-03-28,204,197.0
40-49,Campaña SARS-CoV-2 (Sinovac),2021-03-29,14148,13940.0
40-49,Campaña SARS-CoV-2 (Sinovac),2021-03-30,11075,10883.0
40-49,Campaña SARS-CoV-2 (Sinovac),2021-03-31,11405,11174.0
40-49,Campaña SARS-CoV-2 (Sinovac),2021-04-01,11829,11610.0
40-49,Campaña SARS-CoV-2 (Sinovac),2021-04-02,244,236.0
40-49,Campaña SARS-CoV-2 (Sinovac),2021-04-03,347,338.0
40-49,Campaña SARS-CoV-2 (Sinovac),2021-04-04,127,125.0
40-49,Campaña SARS-CoV-2 (Sinovac),2021-04-05,9613,9431.0
40-49,Campaña SARS-CoV-2 (Sinovac),2021-04-06,6288,6144.0
40-49,Campaña SARS-CoV-2 (Sinovac),2021-04-07,6200,6094.0
40-49,Campaña SARS-CoV-2 (Sinovac),2021-04-08,5962,5831.0
40-49,Campaña SARS-CoV-2 (Sinovac),2021-04-09,5971,5839.0
40-49,Campaña SARS-CoV-2 (Sinovac),2021-04-10,703,687.0
40-49,Campaña SARS-CoV-2 (Sinovac),2021-04-11,145,140.0
40-49,Campaña SARS-CoV-2 (Sinovac),2021-04-12,13663,13491.0
40-49,Campaña SARS-CoV-2 (Sinovac),2021-04-13,7799,7641.0
40-49,Campaña SARS-CoV-2 (Sinovac),2021-04-14,9151,8985.0
40-49,Campaña SARS-CoV-2 (Sinovac),2021-04-15,6103,5960.0
40-49,Campaña SARS-CoV-2 (Sinovac),2021-04-16,6545,6360.0
40-49,Campaña SARS-CoV-2 (Sinovac),2021-04-17,943,911.0
40-49,Campaña SARS-CoV-2 (Sinovac),2021-04-18,86,82.0
40-49,Campaña SARS-CoV-2 (Sinovac),2021-04-19,12673,12341.0
40-49,Campaña SARS-CoV-2 (Sinovac),2021-04-20,11001,10661.0
40-49,Campaña SARS-CoV-2 (Sinovac),2021-04-21,9083,8759.0
40-49,Campaña SARS-CoV-2 (Sinovac),2021-04-22,33497,32865.0
40-49,Campaña SARS-CoV-2 (Sinovac),2021-04-23,20212,19630.0
40-49,Campaña SARS-CoV-2 (Sinovac),2021-04-24,2178,2100.0
40-49,Campaña SARS-CoV-2 (Sinovac),2021-04-25,164,159.0
40-49,Campaña SARS-CoV-2 (Sinovac),2021-04-26,16624,16282.0
40-49,Campaña SARS-CoV-2 (Sinovac),2021-04-27,9280,9052.0
40-49,Campaña SARS-CoV-2 (Sinovac),2021-04-28,9337,9116.0
40-49,Campaña SARS-CoV-2 (Sinovac),2021-04-29,5623,5455.0
40-49,Campaña SARS-CoV-2 (Sinovac),2021-04-30,6929,6661.0
40-49,Campaña SARS-CoV-2 (Sinovac),2021-05-01,75,71.0
40-49,Campaña SARS-CoV-2 (Sinovac),2021-05-02,163,149.0
40-49,Campaña SARS-CoV-2 (Sinovac),2021-05-03,37114,35854.0
40-49,Campaña SARS-CoV-2 (Sinovac),2021-05-04,45451,43303.0
40-49,Campaña SARS-CoV-2 (Sinovac),2021-05-05,54941,52024.0
40-49,Campaña SARS-CoV-2 (Sinovac),2021-05-06,56964,53265.0
40-49,Campaña SARS-CoV-2 (Sinovac),2021-05-07,58513,53662.0
40-49,Campaña SARS-CoV-2 (Sinovac),2021-05-08,11312,9763.0
40-49,Campaña SARS-CoV-2 (Sinovac),2021-05-09,657,522.0
40-49,Campaña SARS-CoV-2 (Sinovac),2021-05-10,34005,29338.0
40-49,Campaña SARS-CoV-2 (Sinovac),2021-05-11,26526,21619.0
40-49,Campaña SARS-CoV-2 (Sinovac),2021-05-12,22548,16893.0
40-49,Campaña SARS-CoV-2 (Sinovac),2021-05-13,18320,11189.0
40-49,Campaña SARS-CoV-2 (Sinovac),2021-05-14,18926,1064.0
40-49,Campaña SARS-CoV-2 (Sinovac),2021-05-15,253,6.0
40-49,Campaña SARS-CoV-2 (Sinovac),2021-05-16,108,0.0
40-49,Campaña SARS-CoV-2 (Sinovac),2021-05-17,10016,31.0
40-49,Campaña SARS-CoV-2 (Sinovac),2021-05-18,6449,4.0
40-49,Campaña SARS-CoV-2 (Sinovac),2021-05-19,5727,2.0
40-49,Campaña SARS-CoV-2 (Sinovac),2021-05-20,6523,0.0
40-49,Campaña SARS-CoV-2 (Sinovac),2021-05-21,292,0.0
40-49,Campaña SARS-CoV-2 (Sinovac),2021-05-22,2341,0.0
40-49,Campaña SARS-CoV-2 (Sinovac),2021-05-23,442,0.0
40-49,Campaña SARS-CoV-2 (Sinovac),2021-05-24,14442,6.0
40-49,Campaña SARS-CoV-2 (Sinovac),2021-05-25,11672,2.0
40-49,Campaña SARS-CoV-2 (Sinovac),2021-05-26,13096,0.0
40-49,Campaña SARS-CoV-2 (Sinovac),2021-05-27,11465,0.0
40-49,Campaña SARS-CoV-2 (Sinovac),2021-05-28,12618,0.0
40-49,Campaña SARS-CoV-2 (Sinovac),2021-05-29,3621,0.0
40-49,Campaña SARS-CoV-2 (Sinovac),2021-05-30,1010,0.0
40-49,Campaña SARS-CoV-2 (Sinovac),2021-05-31,7295,0.0
40-49,Campaña SARS-CoV-2 (Sinovac),2021-06-01,1264,0.0
40-49,Campaña SARS-CoV-2 (Sinovac),2021-06-02,1022,0.0
40-49,Campaña SARS-CoV-2 (Sinovac),2021-06-03,1554,0.0
40-49,Campaña SARS-CoV-2 (Sinovac),2021-06-04,2684,0.0
40-49,Campaña SARS-CoV-2 (Sinovac),2021-06-05,1246,0.0
40-49,Campaña SARS-CoV-2 (Sinovac),2021-06-06,166,0.0
40-49,Campaña SARS-CoV-2 (Sinovac),2021-06-07,6728,1.0
40-49,Campaña SARS-CoV-2 (Sinovac),2021-06-08,8076,0.0
40-49,Campaña SARS-CoV-2 (Sinovac),2021-06-09,10779,0.0
40-49,Campaña SARS-CoV-2 (Sinovac),2021-06-10,7024,0.0
40-49,Campaña SARS-CoV-2 (Sinovac),2021-06-11,236,0.0
40-49,Campaña SARS-CoV-2 (Sinovac),2021-06-12,77,0.0
50-59,Campaña SARS-CoV-2 (Pfizer),2020-12-24,37,37.0
50-59,Campaña SARS-CoV-2 (Pfizer),2020-12-25,478,476.0
50-59,Campaña SARS-CoV-2 (Pfizer),2020-12-26,301,301.0
50-59,Campaña SARS-CoV-2 (Pfizer),2020-12-27,44,44.0
50-59,Campaña SARS-CoV-2 (Pfizer),2021-01-04,29,29.0
50-59,Campaña SARS-CoV-2 (Pfizer),2021-01-05,140,140.0
50-59,Campaña SARS-CoV-2 (Pfizer),2021-01-06,23,23.0
50-59,Campaña SARS-CoV-2 (Pfizer),2021-01-14,228,228.0
50-59,Campaña SARS-CoV-2 (Pfizer),2021-01-15,82,82.0
50-59,Campaña SARS-CoV-2 (Pfizer),2021-01-16,3,3.0
50-59,Campaña SARS-CoV-2 (Pfizer),2021-01-18,1350,1344.0
50-59,Campaña SARS-CoV-2 (Pfizer),2021-01-19,2554,2550.0
50-59,Campaña SARS-CoV-2 (Pfizer),2021-01-20,1318,1315.0
50-59,Campaña SARS-CoV-2 (Pfizer),2021-01-21,428,426.0
50-59,Campaña SARS-CoV-2 (Pfizer),2021-01-22,78,78.0
50-59,Campaña SARS-CoV-2 (Pfizer),2021-01-25,1,1.0
50-59,Campaña SARS-CoV-2 (Pfizer),2021-01-26,7,7.0
50-59,Campaña SARS-CoV-2 (Pfizer),2021-02-04,4,4.0
50-59,Campaña SARS-CoV-2 (Pfizer),2021-02-05,4,4.0
50-59,Campaña SARS-CoV-2 (Pfizer),2021-02-08,4,4.0
50-59,Campaña SARS-CoV-2 (Pfizer),2021-02-09,14,14.0
50-59,Campaña SARS-CoV-2 (Pfizer),2021-02-10,15,15.0
50-59,Campaña SARS-CoV-2 (Pfizer),2021-02-11,13,13.0
50-59,Campaña SARS-CoV-2 (Pfizer),2021-02-12,25,25.0
50-59,Campaña SARS-CoV-2 (Pfizer),2021-02-16,1,1.0
50-59,Campaña SARS-CoV-2 (Pfizer),2021-02-22,9546,9475.0
50-59,Campaña SARS-CoV-2 (Pfizer),2021-02-23,18842,18743.0
50-59,Campaña SARS-CoV-2 (Pfizer),2021-02-24,4675,4637.0
50-59,Campaña SARS-CoV-2 (Pfizer),2021-02-25,4150,4105.0
50-59,Campaña SARS-CoV-2 (Pfizer),2021-02-26,5879,5820.0
50-59,Campaña SARS-CoV-2 (Pfizer),2021-02-27,588,584.0
50-59,Campaña SARS-CoV-2 (Pfizer),2021-03-01,1244,1236.0
50-59,Campaña SARS-CoV-2 (Pfizer),2021-03-02,2090,2063.0
50-59,Campaña SARS-CoV-2 (Pfizer),2021-03-03,1268,1259.0
50-59,Campaña SARS-CoV-2 (Pfizer),2021-03-04,797,788.0
50-59,Campaña SARS-CoV-2 (Pfizer),2021-03-05,743,729.0
50-59,Campaña SARS-CoV-2 (Pfizer),2021-03-06,60,59.0
50-59,Campaña SARS-CoV-2 (Pfizer),2021-03-07,24,24.0
50-59,Campaña SARS-CoV-2 (Pfizer),2021-03-08,8611,8564.0
50-59,Campaña SARS-CoV-2 (Pfizer),2021-03-09,27692,27550.0
50-59,Campaña SARS-CoV-2 (Pfizer),2021-03-10,29797,29666.0
50-59,Campaña SARS-CoV-2 (Pfizer),2021-03-11,31598,31426.0
50-59,Campaña SARS-CoV-2 (Pfizer),2021-03-12,5537,5503.0
50-59,Campaña SARS-CoV-2 (Pfizer),2021-03-13,259,258.0
50-59,Campaña SARS-CoV-2 (Pfizer),2021-03-15,3899,3872.0
50-59,Campaña SARS-CoV-2 (Pfizer),2021-03-16,6601,6545.0
50-59,Campaña SARS-CoV-2 (Pfizer),2021-03-17,5594,5539.0
50-59,Campaña SARS-CoV-2 (Pfizer),2021-03-18,3089,3043.0
50-59,Campaña SARS-CoV-2 (Pfizer),2021-03-19,857,841.0
50-59,Campaña SARS-CoV-2 (Pfizer),2021-03-20,40,39.0
50-59,Campaña SARS-CoV-2 (Pfizer),2021-03-22,2846,2814.0
50-59,Campaña SARS-CoV-2 (Pfizer),2021-03-23,8008,7908.0
50-59,Campaña SARS-CoV-2 (Pfizer),2021-03-24,21411,21221.0
50-59,Campaña SARS-CoV-2 (Pfizer),2021-03-25,22861,22606.0
50-59,Campaña SARS-CoV-2 (Pfizer),2021-03-26,14153,13991.0
50-59,Campaña SARS-CoV-2 (Pfizer),2021-03-27,422,415.0
50-59,Campaña SARS-CoV-2 (Pfizer),2021-03-29,10504,10378.0
50-59,Campaña SARS-CoV-2 (Pfizer),2021-03-30,21224,20966.0
50-59,Campaña SARS-CoV-2 (Pfizer),2021-03-31,14912,14728.0
50-59,Campaña SARS-CoV-2 (Pfizer),2021-04-01,8324,8226.0
50-59,Campaña SARS-CoV-2 (Pfizer),2021-04-02,47,46.0
50-59,Campaña SARS-CoV-2 (Pfizer),2021-04-03,21,20.0
50-59,Campaña SARS-CoV-2 (Pfizer),2021-04-04,1,1.0
50-59,Campaña SARS-CoV-2 (Pfizer),2021-04-05,6652,6517.0
50-59,Campaña SARS-CoV-2 (Pfizer),2021-04-06,26543,26147.0
50-59,Campaña SARS-CoV-2 (Pfizer),2021-04-07,28693,28257.0
50-59,Campaña SARS-CoV-2 (Pfizer),2021-04-08,17505,17038.0
50-59,Campaña SARS-CoV-2 (Pfizer),2021-04-09,13191,12753.0
50-59,Campaña SARS-CoV-2 (Pfizer),2021-04-10,2892,2802.0
50-59,Campaña SARS-CoV-2 (Pfizer),2021-04-11,158,151.0
50-59,Campaña SARS-CoV-2 (Pfizer),2021-04-12,9991,9623.0
50-59,Campaña SARS-CoV-2 (Pfizer),2021-04-13,11703,11281.0
50-59,Campaña SARS-CoV-2 (Pfizer),2021-04-14,9106,8756.0
50-59,Campaña SARS-CoV-2 (Pfizer),2021-04-15,8272,7902.0
50-59,Campaña SARS-CoV-2 (Pfizer),2021-04-16,10388,9964.0
50-59,Campaña SARS-CoV-2 (Pfizer),2021-04-17,1326,1244.0
50-59,Campaña SARS-CoV-2 (Pfizer),2021-04-18,73,66.0
50-59,Campaña SARS-CoV-2 (Pfizer),2021-04-19,2362,2222.0
50-59,Campaña SARS-CoV-2 (Pfizer),2021-04-20,1514,1435.0
50-59,Campaña SARS-CoV-2 (Pfizer),2021-04-21,1081,1000.0
50-59,Campaña SARS-CoV-2 (Pfizer),2021-04-22,767,711.0
50-59,Campaña SARS-CoV-2 (Pfizer),2021-04-23,615,583.0
50-59,Campaña SARS-CoV-2 (Pfizer),2021-04-24,156,150.0
50-59,Campaña SARS-CoV-2 (Pfizer),2021-04-25,1,0.0
50-59,Campaña SARS-CoV-2 (Pfizer),2021-04-26,1884,1766.0
50-59,Campaña SARS-CoV-2 (Pfizer),2021-04-27,2502,2363.0
50-59,Campaña SARS-CoV-2 (Pfizer),2021-04-28,1806,1675.0
50-59,Campaña SARS-CoV-2 (Pfizer),2021-04-29,1422,1278.0
50-59,Campaña SARS-CoV-2 (Pfizer),2021-04-30,4732,4424.0
50-59,Campaña SARS-CoV-2 (Pfizer),2021-05-01,47,42.0
50-59,Campaña SARS-CoV-2 (Pfizer),2021-05-02,61,51.0
50-59,Campaña SARS-CoV-2 (Pfizer),2021-05-03,661,613.0
50-59,Campaña SARS-CoV-2 (Pfizer),2021-05-04,555,483.0
50-59,Campaña SARS-CoV-2 (Pfizer),2021-05-05,349,296.0
50-59,Campaña SARS-CoV-2 (Pfizer),2021-05-06,342,296.0
50-59,Campaña SARS-CoV-2 (Pfizer),2021-05-07,441,357.0
50-59,Campaña SARS-CoV-2 (Pfizer),2021-05-08,142,118.0
50-59,Campaña SARS-CoV-2 (Pfizer),2021-05-09,1,1.0
50-59,Campaña SARS-CoV-2 (Pfizer),2021-05-10,222,183.0
50-59,Campaña SARS-CoV-2 (Pfizer),2021-05-11,239,197.0
50-59,Campaña SARS-CoV-2 (Pfizer),2021-05-12,179,135.0
50-59,Campaña SARS-CoV-2 (Pfizer),2021-05-13,279,160.0
50-59,Campaña SARS-CoV-2 (Pfizer),2021-05-14,428,21.0
50-59,Campaña SARS-CoV-2 (Pfizer),2021-05-15,6,0.0
50-59,Campaña SARS-CoV-2 (Pfizer),2021-05-17,1343,5.0
50-59,Campaña SARS-CoV-2 (Pfizer),2021-05-18,2281,3.0
50-59,Campaña SARS-CoV-2 (Pfizer),2021-05-19,2665,2.0
50-59,Campaña SARS-CoV-2 (Pfizer),2021-05-20,2229,1.0
50-59,Campaña SARS-CoV-2 (Pfizer),2021-05-21,217,0.0
50-59,Campaña SARS-CoV-2 (Pfizer),2021-05-22,659,0.0
50-59,Campaña SARS-CoV-2 (Pfizer),2021-05-23,93,0.0
50-59,Campaña SARS-CoV-2 (Pfizer),2021-05-24,3490,3.0
50-59,Campaña SARS-CoV-2 (Pfizer),2021-05-25,5538,3.0
50-59,Campaña SARS-CoV-2 (Pfizer),2021-05-26,3284,0.0
50-59,Campaña SARS-CoV-2 (Pfizer),2021-05-27,2390,0.0
50-59,Campaña SARS-CoV-2 (Pfizer),2021-05-28,2209,0.0
50-59,Campaña SARS-CoV-2 (Pfizer),2021-05-29,771,0.0
50-59,Campaña SARS-CoV-2 (Pfizer),2021-05-30,147,0.0
50-59,Campaña SARS-CoV-2 (Pfizer),2021-05-31,3427,0.0
50-59,Campaña SARS-CoV-2 (Pfizer),2021-06-01,4670,0.0
50-59,Campaña SARS-CoV-2 (Pfizer),2021-06-02,3668,0.0
50-59,Campaña SARS-CoV-2 (Pfizer),2021-06-03,2174,0.0
50-59,Campaña SARS-CoV-2 (Pfizer),2021-06-04,1097,0.0
50-59,Campaña SARS-CoV-2 (Pfizer),2021-06-05,216,0.0
50-59,Campaña SARS-CoV-2 (Pfizer),2021-06-06,34,0.0
50-59,Campaña SARS-CoV-2 (Pfizer),2021-06-07,305,0.0
50-59,Campaña SARS-CoV-2 (Pfizer),2021-06-08,439,0.0
50-59,Campaña SARS-CoV-2 (Pfizer),2021-06-09,392,0.0
50-59,Campaña SARS-CoV-2 (Pfizer),2021-06-10,331,0.0
50-59,Campaña SARS-CoV-2 (Sinovac),2021-02-02,1731,1728.0
50-59,Campaña SARS-CoV-2 (Sinovac),2021-02-03,14711,14681.0
50-59,Campaña SARS-CoV-2 (Sinovac),2021-02-04,11670,11625.0
50-59,Campaña SARS-CoV-2 (Sinovac),2021-02-05,10517,10481.0
50-59,Campaña SARS-CoV-2 (Sinovac),2021-02-06,1827,1826.0
50-59,Campaña SARS-CoV-2 (Sinovac),2021-02-07,397,395.0
50-59,Campaña SARS-CoV-2 (Sinovac),2021-02-08,10803,10766.0
50-59,Campaña SARS-CoV-2 (Sinovac),2021-02-09,13188,13145.0
50-59,Campaña SARS-CoV-2 (Sinovac),2021-02-10,14636,14585.0
50-59,Campaña SARS-CoV-2 (Sinovac),2021-02-11,15711,15634.0
50-59,Campaña SARS-CoV-2 (Sinovac),2021-02-12,13698,13635.0
50-59,Campaña SARS-CoV-2 (Sinovac),2021-02-13,3457,3442.0
50-59,Campaña SARS-CoV-2 (Sinovac),2021-02-14,309,305.0
50-59,Campaña SARS-CoV-2 (Sinovac),2021-02-15,17225,17172.0
50-59,Campaña SARS-CoV-2 (Sinovac),2021-02-16,17489,17419.0
50-59,Campaña SARS-CoV-2 (Sinovac),2021-02-17,13293,13232.0
50-59,Campaña SARS-CoV-2 (Sinovac),2021-02-18,8913,8853.0
50-59,Campaña SARS-CoV-2 (Sinovac),2021-02-19,7199,7167.0
50-59,Campaña SARS-CoV-2 (Sinovac),2021-02-20,778,773.0
50-59,Campaña SARS-CoV-2 (Sinovac),2021-02-21,97,97.0
50-59,Campaña SARS-CoV-2 (Sinovac),2021-02-22,17140,17083.0
50-59,Campaña SARS-CoV-2 (Sinovac),2021-02-23,14662,14597.0
50-59,Campaña SARS-CoV-2 (Sinovac),2021-02-24,4784,4760.0
50-59,Campaña SARS-CoV-2 (Sinovac),2021-02-25,4064,4038.0
50-59,Campaña SARS-CoV-2 (Sinovac),2021-02-26,5725,5676.0
50-59,Campaña SARS-CoV-2 (Sinovac),2021-02-27,426,419.0
50-59,Campaña SARS-CoV-2 (Sinovac),2021-02-28,19,19.0
50-59,Campaña SARS-CoV-2 (Sinovac),2021-03-01,4950,4915.0
50-59,Campaña SARS-CoV-2 (Sinovac),2021-03-02,3645,3611.0
50-59,Campaña SARS-CoV-2 (Sinovac),2021-03-03,4232,4183.0
50-59,Campaña SARS-CoV-2 (Sinovac),2021-03-04,4622,4565.0
50-59,Campaña SARS-CoV-2 (Sinovac),2021-03-05,5672,5603.0
50-59,Campaña SARS-CoV-2 (Sinovac),2021-03-06,888,874.0
50-59,Campaña SARS-CoV-2 (Sinovac),2021-03-07,109,107.0
50-59,Campaña SARS-CoV-2 (Sinovac),2021-03-08,77404,77119.0
50-59,Campaña SARS-CoV-2 (Sinovac),2021-03-09,68817,68546.0
50-59,Campaña SARS-CoV-2 (Sinovac),2021-03-10,65163,64853.0
50-59,Campaña SARS-CoV-2 (Sinovac),2021-03-11,92785,92316.0
50-59,Campaña SARS-CoV-2 (Sinovac),2021-03-12,46490,46180.0
50-59,Campaña SARS-CoV-2 (Sinovac),2021-03-13,12719,12607.0
50-59,Campaña SARS-CoV-2 (Sinovac),2021-03-14,1369,1358.0
50-59,Campaña SARS-CoV-2 (Sinovac),2021-03-15,38607,38343.0
50-59,Campaña SARS-CoV-2 (Sinovac),2021-03-16,29855,29610.0
50-59,Campaña SARS-CoV-2 (Sinovac),2021-03-17,24676,24446.0
50-59,Campaña SARS-CoV-2 (Sinovac),2021-03-18,23389,23165.0
50-59,Campaña SARS-CoV-2 (Sinovac),2021-03-19,25044,24795.0
50-59,Campaña SARS-CoV-2 (Sinovac),2021-03-20,4983,4939.0
50-59,Campaña SARS-CoV-2 (Sinovac),2021-03-21,684,675.0
50-59,Campaña SARS-CoV-2 (Sinovac),2021-03-22,33357,33029.0
50-59,Campaña SARS-CoV-2 (Sinovac),2021-03-23,22353,22126.0
50-59,Campaña SARS-CoV-2 (Sinovac),2021-03-24,46232,45811.0
50-59,Campaña SARS-CoV-2 (Sinovac),2021-03-25,47599,47208.0
50-59,Campaña SARS-CoV-2 (Sinovac),2021-03-26,56669,56182.0
50-59,Campaña SARS-CoV-2 (Sinovac),2021-03-27,3940,3876.0
50-59,Campaña SARS-CoV-2 (Sinovac),2021-03-28,322,317.0
50-59,Campaña SARS-CoV-2 (Sinovac),2021-03-29,83545,82878.0
50-59,Campaña SARS-CoV-2 (Sinovac),2021-03-30,56706,56149.0
50-59,Campaña SARS-CoV-2 (Sinovac),2021-03-31,55724,55073.0
50-59,Campaña SARS-CoV-2 (Sinovac),2021-04-01,75642,74892.0
50-59,Campaña SARS-CoV-2 (Sinovac),2021-04-02,728,715.0
50-59,Campaña SARS-CoV-2 (Sinovac),2021-04-03,646,637.0
50-59,Campaña SARS-CoV-2 (Sinovac),2021-04-04,253,245.0
50-59,Campaña SARS-CoV-2 (Sinovac),2021-04-05,30278,29795.0
50-59,Campaña SARS-CoV-2 (Sinovac),2021-04-06,24763,24449.0
50-59,Campaña SARS-CoV-2 (Sinovac),2021-04-07,24786,24446.0
50-59,Campaña SARS-CoV-2 (Sinovac),2021-04-08,18432,18068.0
50-59,Campaña SARS-CoV-2 (Sinovac),2021-04-09,16431,16032.0
50-59,Campaña SARS-CoV-2 (Sinovac),2021-04-10,2004,1947.0
50-59,Campaña SARS-CoV-2 (Sinovac),2021-04-11,194,188.0
50-59,Campaña SARS-CoV-2 (Sinovac),2021-04-12,7665,7434.0
50-59,Campaña SARS-CoV-2 (Sinovac),2021-04-13,3868,3740.0
50-59,Campaña SARS-CoV-2 (Sinovac),2021-04-14,3208,3097.0
50-59,Campaña SARS-CoV-2 (Sinovac),2021-04-15,3038,2929.0
50-59,Campaña SARS-CoV-2 (Sinovac),2021-04-16,4940,4760.0
50-59,Campaña SARS-CoV-2 (Sinovac),2021-04-17,672,649.0
50-59,Campaña SARS-CoV-2 (Sinovac),2021-04-18,56,53.0
50-59,Campaña SARS-CoV-2 (Sinovac),2021-04-19,11284,10852.0
50-59,Campaña SARS-CoV-2 (Sinovac),2021-04-20,10756,10278.0
50-59,Campaña SARS-CoV-2 (Sinovac),2021-04-21,8906,8552.0
50-59,Campaña SARS-CoV-2 (Sinovac),2021-04-22,7691,7338.0
50-59,Campaña SARS-CoV-2 (Sinovac),2021-04-23,7822,7478.0
50-59,Campaña SARS-CoV-2 (Sinovac),2021-04-24,1344,1275.0
50-59,Campaña SARS-CoV-2 (Sinovac),2021-04-25,94,88.0
50-59,Campaña SARS-CoV-2 (Sinovac),2021-04-26,3333,3171.0
50-59,Campaña SARS-CoV-2 (Sinovac),2021-04-27,1400,1323.0
50-59,Campaña SARS-CoV-2 (Sinovac),2021-04-28,1301,1216.0
50-59,Campaña SARS-CoV-2 (Sinovac),2021-04-29,1174,1097.0
50-59,Campaña SARS-CoV-2 (Sinovac),2021-04-30,2695,2539.0
50-59,Campaña SARS-CoV-2 (Sinovac),2021-05-01,33,31.0
50-59,Campaña SARS-CoV-2 (Sinovac),2021-05-02,52,48.0
50-59,Campaña SARS-CoV-2 (Sinovac),2021-05-03,4351,4089.0
50-59,Campaña SARS-CoV-2 (Sinovac),2021-05-04,4181,3818.0
50-59,Campaña SARS-CoV-2 (Sinovac),2021-05-05,4282,3895.0
50-59,Campaña SARS-CoV-2 (Sinovac),2021-05-06,4535,4002.0
50-59,Campaña SARS-CoV-2 (Sinovac),2021-05-07,5612,4959.0
50-59,Campaña SARS-CoV-2 (Sinovac),2021-05-08,1441,1228.0
50-59,Campaña SARS-CoV-2 (Sinovac),2021-05-09,88,67.0
50-59,Campaña SARS-CoV-2 (Sinovac),2021-05-10,5741,4915.0
50-59,Campaña SARS-CoV-2 (Sinovac),2021-05-11,5422,4516.0
50-59,Campaña SARS-CoV-2 (Sinovac),2021-05-12,5693,4386.0
50-59,Campaña SARS-CoV-2 (Sinovac),2021-05-13,4802,3167.0
50-59,Campaña SARS-CoV-2 (Sinovac),2021-05-14,5401,408.0
50-59,Campaña SARS-CoV-2 (Sinovac),2021-05-15,71,2.0
50-59,Campaña SARS-CoV-2 (Sinovac),2021-05-16,20,0.0
50-59,Campaña SARS-CoV-2 (Sinovac),2021-05-17,3352,10.0
50-59,Campaña SARS-CoV-2 (Sinovac),2021-05-18,2470,5.0
50-59,Campaña SARS-CoV-2 (Sinovac),2021-05-19,2234,3.0
50-59,Campaña SARS-CoV-2 (Sinovac),2021-05-20,2851,1.0
50-59,Campaña SARS-CoV-2 (Sinovac),2021-05-21,91,0.0
50-59,Campaña SARS-CoV-2 (Sinovac),2021-05-22,910,1.0
50-59,Campaña SARS-CoV-2 (Sinovac),2021-05-23,161,0.0
50-59,Campaña SARS-CoV-2 (Sinovac),2021-05-24,7280,0.0
50-59,Campaña SARS-CoV-2 (Sinovac),2021-05-25,6163,4.0
50-59,Campaña SARS-CoV-2 (Sinovac),2021-05-26,7432,1.0
50-59,Campaña SARS-CoV-2 (Sinovac),2021-05-27,6601,1.0
50-59,Campaña SARS-CoV-2 (Sinovac),2021-05-28,7631,0.0
50-59,Campaña SARS-CoV-2 (Sinovac),2021-05-29,2094,0.0
50-59,Campaña SARS-CoV-2 (Sinovac),2021-05-30,531,0.0
50-59,Campaña SARS-CoV-2 (Sinovac),2021-05-31,4472,0.0
50-59,Campaña SARS-CoV-2 (Sinovac),2021-06-01,891,0.0
50-59,Campaña SARS-CoV-2 (Sinovac),2021-06-02,697,0.0
50-59,Campaña SARS-CoV-2 (Sinovac),2021-06-03,942,1.0
50-59,Campaña SARS-CoV-2 (Sinovac),2021-06-04,1606,0.0
50-59,Campaña SARS-CoV-2 (Sinovac),2021-06-05,755,0.0
50-59,Campaña SARS-CoV-2 (Sinovac),2021-06-06,119,0.0
50-59,Campaña SARS-CoV-2 (Sinovac),2021-06-07,3898,0.0
50-59,Campaña SARS-CoV-2 (Sinovac),2021-06-08,4544,0.0
50-59,Campaña SARS-CoV-2 (Sinovac),2021-06-09,5686,0.0
50-59,Campaña SARS-CoV-2 (Sinovac),2021-06-10,4085,0.0
50-59,Campaña SARS-CoV-2 (Sinovac),2021-06-11,206,0.0
50-59,Campaña SARS-CoV-2 (Sinovac),2021-06-12,68,0.0
60-69,Campaña SARS-CoV-2 (Pfizer),2020-12-24,12,12.0
60-69,Campaña SARS-CoV-2 (Pfizer),2020-12-25,109,108.0
60-69,Campaña SARS-CoV-2 (Pfizer),2020-12-26,96,96.0
60-69,Campaña SARS-CoV-2 (Pfizer),2020-12-27,7,7.0
60-69,Campaña SARS-CoV-2 (Pfizer),2021-01-04,7,7.0
60-69,Campaña SARS-CoV-2 (Pfizer),2021-01-05,25,25.0
60-69,Campaña SARS-CoV-2 (Pfizer),2021-01-06,4,4.0
60-69,Campaña SARS-CoV-2 (Pfizer),2021-01-14,64,64.0
60-69,Campaña SARS-CoV-2 (Pfizer),2021-01-15,29,29.0
60-69,Campaña SARS-CoV-2 (Pfizer),2021-01-16,1,1.0
60-69,Campaña SARS-CoV-2 (Pfizer),2021-01-18,541,541.0
60-69,Campaña SARS-CoV-2 (Pfizer),2021-01-19,970,967.0
60-69,Campaña SARS-CoV-2 (Pfizer),2021-01-20,542,542.0
60-69,Campaña SARS-CoV-2 (Pfizer),2021-01-21,190,190.0
60-69,Campaña SARS-CoV-2 (Pfizer),2021-01-22,32,32.0
60-69,Campaña SARS-CoV-2 (Pfizer),2021-01-25,1,1.0
60-69,Campaña SARS-CoV-2 (Pfizer),2021-01-26,4,4.0
60-69,Campaña SARS-CoV-2 (Pfizer),2021-02-04,5,5.0
60-69,Campaña SARS-CoV-2 (Pfizer),2021-02-05,1,1.0
60-69,Campaña SARS-CoV-2 (Pfizer),2021-02-08,2,2.0
60-69,Campaña SARS-CoV-2 (Pfizer),2021-02-09,2,2.0
60-69,Campaña SARS-CoV-2 (Pfizer),2021-02-10,4,4.0
60-69,Campaña SARS-CoV-2 (Pfizer),2021-02-11,26,26.0
60-69,Campaña SARS-CoV-2 (Pfizer),2021-02-12,12,12.0
60-69,Campaña SARS-CoV-2 (Pfizer),2021-02-22,395,390.0
60-69,Campaña SARS-CoV-2 (Pfizer),2021-02-23,772,760.0
60-69,Campaña SARS-CoV-2 (Pfizer),2021-02-24,1406,1391.0
60-69,Campaña SARS-CoV-2 (Pfizer),2021-02-25,2279,2249.0
60-69,Campaña SARS-CoV-2 (Pfizer),2021-02-26,2418,2380.0
60-69,Campaña SARS-CoV-2 (Pfizer),2021-02-27,364,362.0
60-69,Campaña SARS-CoV-2 (Pfizer),2021-02-28,2,2.0
60-69,Campaña SARS-CoV-2 (Pfizer),2021-03-01,1043,1039.0
60-69,Campaña SARS-CoV-2 (Pfizer),2021-03-02,4206,4167.0
60-69,Campaña SARS-CoV-2 (Pfizer),2021-03-03,2487,2461.0
60-69,Campaña SARS-CoV-2 (Pfizer),2021-03-04,1958,1942.0
60-69,Campaña SARS-CoV-2 (Pfizer),2021-03-05,1673,1657.0
60-69,Campaña SARS-CoV-2 (Pfizer),2021-03-06,23,22.0
60-69,Campaña SARS-CoV-2 (Pfizer),2021-03-07,10,10.0
60-69,Campaña SARS-CoV-2 (Pfizer),2021-03-08,1781,1766.0
60-69,Campaña SARS-CoV-2 (Pfizer),2021-03-09,4178,4114.0
60-69,Campaña SARS-CoV-2 (Pfizer),2021-03-10,4065,4002.0
60-69,Campaña SARS-CoV-2 (Pfizer),2021-03-11,3100,3062.0
60-69,Campaña SARS-CoV-2 (Pfizer),2021-03-12,1191,1176.0
60-69,Campaña SARS-CoV-2 (Pfizer),2021-03-13,63,63.0
60-69,Campaña SARS-CoV-2 (Pfizer),2021-03-15,891,879.0
60-69,Campaña SARS-CoV-2 (Pfizer),2021-03-16,1715,1681.0
60-69,Campaña SARS-CoV-2 (Pfizer),2021-03-17,1616,1585.0
60-69,Campaña SARS-CoV-2 (Pfizer),2021-03-18,784,768.0
60-69,Campaña SARS-CoV-2 (Pfizer),2021-03-19,225,219.0
60-69,Campaña SARS-CoV-2 (Pfizer),2021-03-20,13,13.0
60-69,Campaña SARS-CoV-2 (Pfizer),2021-03-22,570,561.0
60-69,Campaña SARS-CoV-2 (Pfizer),2021-03-23,1834,1780.0
60-69,Campaña SARS-CoV-2 (Pfizer),2021-03-24,2195,2130.0
60-69,Campaña SARS-CoV-2 (Pfizer),2021-03-25,1713,1671.0
60-69,Campaña SARS-CoV-2 (Pfizer),2021-03-26,943,915.0
60-69,Campaña SARS-CoV-2 (Pfizer),2021-03-27,51,49.0
60-69,Campaña SARS-CoV-2 (Pfizer),2021-03-29,741,716.0
60-69,Campaña SARS-CoV-2 (Pfizer),2021-03-30,1418,1376.0
60-69,Campaña SARS-CoV-2 (Pfizer),2021-03-31,863,833.0
60-69,Campaña SARS-CoV-2 (Pfizer),2021-04-01,366,352.0
60-69,Campaña SARS-CoV-2 (Pfizer),2021-04-02,5,5.0
60-69,Campaña SARS-CoV-2 (Pfizer),2021-04-03,1,1.0
60-69,Campaña SARS-CoV-2 (Pfizer),2021-04-05,713,685.0
60-69,Campaña SARS-CoV-2 (Pfizer),2021-04-06,1694,1634.0
60-69,Campaña SARS-CoV-2 (Pfizer),2021-04-07,1635,1571.0
60-69,Campaña SARS-CoV-2 (Pfizer),2021-04-08,1501,1434.0
60-69,Campaña SARS-CoV-2 (Pfizer),2021-04-09,1455,1386.0
60-69,Campaña SARS-CoV-2 (Pfizer),2021-04-10,275,260.0
60-69,Campaña SARS-CoV-2 (Pfizer),2021-04-11,20,19.0
60-69,Campaña SARS-CoV-2 (Pfizer),2021-04-12,1606,1529.0
60-69,Campaña SARS-CoV-2 (Pfizer),2021-04-13,2129,2046.0
60-69,Campaña SARS-CoV-2 (Pfizer),2021-04-14,1766,1692.0
60-69,Campaña SARS-CoV-2 (Pfizer),2021-04-15,1758,1660.0
60-69,Campaña SARS-CoV-2 (Pfizer),2021-04-16,1866,1765.0
60-69,Campaña SARS-CoV-2 (Pfizer),2021-04-17,243,234.0
60-69,Campaña SARS-CoV-2 (Pfizer),2021-04-18,12,11.0
60-69,Campaña SARS-CoV-2 (Pfizer),2021-04-19,528,498.0
60-69,Campaña SARS-CoV-2 (Pfizer),2021-04-20,348,327.0
60-69,Campaña SARS-CoV-2 (Pfizer),2021-04-21,203,194.0
60-69,Campaña SARS-CoV-2 (Pfizer),2021-04-22,153,142.0
60-69,Campaña SARS-CoV-2 (Pfizer),2021-04-23,139,133.0
60-69,Campaña SARS-CoV-2 (Pfizer),2021-04-24,24,22.0
60-69,Campaña SARS-CoV-2 (Pfizer),2021-04-26,512,479.0
60-69,Campaña SARS-CoV-2 (Pfizer),2021-04-27,718,670.0
60-69,Campaña SARS-CoV-2 (Pfizer),2021-04-28,493,468.0
60-69,Campaña SARS-CoV-2 (Pfizer),2021-04-29,365,338.0
60-69,Campaña SARS-CoV-2 (Pfizer),2021-04-30,1246,1171.0
60-69,Campaña SARS-CoV-2 (Pfizer),2021-05-01,15,13.0
60-69,Campaña SARS-CoV-2 (Pfizer),2021-05-02,10,10.0
60-69,Campaña SARS-CoV-2 (Pfizer),2021-05-03,202,185.0
60-69,Campaña SARS-CoV-2 (Pfizer),2021-05-04,153,132.0
60-69,Campaña SARS-CoV-2 (Pfizer),2021-05-05,106,95.0
60-69,Campaña SARS-CoV-2 (Pfizer),2021-05-06,83,70.0
60-69,Campaña SARS-CoV-2 (Pfizer),2021-05-07,142,126.0
60-69,Campaña SARS-CoV-2 (Pfizer),2021-05-08,41,30.0
60-69,Campaña SARS-CoV-2 (Pfizer),2021-05-10,76,64.0
60-69,Campaña SARS-CoV-2 (Pfizer),2021-05-11,81,63.0
60-69,Campaña SARS-CoV-2 (Pfizer),2021-05-12,57,44.0
60-69,Campaña SARS-CoV-2 (Pfizer),2021-05-13,91,65.0
60-69,Campaña SARS-CoV-2 (Pfizer),2021-05-14,131,6.0
60-69,Campaña SARS-CoV-2 (Pfizer),2021-05-15,1,0.0
60-69,Campaña SARS-CoV-2 (Pfizer),2021-05-17,457,2.0
60-69,Campaña SARS-CoV-2 (Pfizer),2021-05-18,790,0.0
60-69,Campaña SARS-CoV-2 (Pfizer),2021-05-19,829,2.0
60-69,Campaña SARS-CoV-2 (Pfizer),2021-05-20,696,0.0
60-69,Campaña SARS-CoV-2 (Pfizer),2021-05-21,60,0.0
60-69,Campaña SARS-CoV-2 (Pfizer),2021-05-22,197,1.0
60-69,Campaña SARS-CoV-2 (Pfizer),2021-05-23,21,0.0
60-69,Campaña SARS-CoV-2 (Pfizer),2021-05-24,1235,1.0
60-69,Campaña SARS-CoV-2 (Pfizer),2021-05-25,2075,0.0
60-69,Campaña SARS-CoV-2 (Pfizer),2021-05-26,1249,0.0
60-69,Campaña SARS-CoV-2 (Pfizer),2021-05-27,920,0.0
60-69,Campaña SARS-CoV-2 (Pfizer),2021-05-28,825,0.0
60-69,Campaña SARS-CoV-2 (Pfizer),2021-05-29,300,0.0
60-69,Campaña SARS-CoV-2 (Pfizer),2021-05-30,34,0.0
60-69,Campaña SARS-CoV-2 (Pfizer),2021-05-31,1399,0.0
60-69,Campaña SARS-CoV-2 (Pfizer),2021-06-01,2081,1.0
60-69,Campaña SARS-CoV-2 (Pfizer),2021-06-02,1835,0.0
60-69,Campaña SARS-CoV-2 (Pfizer),2021-06-03,1292,0.0
60-69,Campaña SARS-CoV-2 (Pfizer),2021-06-04,761,0.0
60-69,Campaña SARS-CoV-2 (Pfizer),2021-06-05,132,0.0
60-69,Campaña SARS-CoV-2 (Pfizer),2021-06-06,15,0.0
60-69,Campaña SARS-CoV-2 (Pfizer),2021-06-07,208,0.0
60-69,Campaña SARS-CoV-2 (Pfizer),2021-06-08,213,0.0
60-69,Campaña SARS-CoV-2 (Pfizer),2021-06-09,210,0.0
60-69,Campaña SARS-CoV-2 (Pfizer),2021-06-10,151,0.0
60-69,Campaña SARS-CoV-2 (Sinovac),2021-02-02,646,643.0
60-69,Campaña SARS-CoV-2 (Sinovac),2021-02-03,11103,11069.0
60-69,Campaña SARS-CoV-2 (Sinovac),2021-02-04,11905,11865.0
60-69,Campaña SARS-CoV-2 (Sinovac),2021-02-05,11958,11914.0
60-69,Campaña SARS-CoV-2 (Sinovac),2021-02-06,3398,3388.0
60-69,Campaña SARS-CoV-2 (Sinovac),2021-02-07,1588,1584.0
60-69,Campaña SARS-CoV-2 (Sinovac),2021-02-08,15828,15774.0
60-69,Campaña SARS-CoV-2 (Sinovac),2021-02-09,20919,20861.0
60-69,Campaña SARS-CoV-2 (Sinovac),2021-02-10,27145,27063.0
60-69,Campaña SARS-CoV-2 (Sinovac),2021-02-11,32527,32422.0
60-69,Campaña SARS-CoV-2 (Sinovac),2021-02-12,33889,33759.0
60-69,Campaña SARS-CoV-2 (Sinovac),2021-02-13,7651,7624.0
60-69,Campaña SARS-CoV-2 (Sinovac),2021-02-14,2008,2005.0
60-69,Campaña SARS-CoV-2 (Sinovac),2021-02-15,124848,124519.0
60-69,Campaña SARS-CoV-2 (Sinovac),2021-02-16,113985,113619.0
60-69,Campaña SARS-CoV-2 (Sinovac),2021-02-17,106399,106061.0
60-69,Campaña SARS-CoV-2 (Sinovac),2021-02-18,92941,92636.0
60-69,Campaña SARS-CoV-2 (Sinovac),2021-02-19,89488,89147.0
60-69,Campaña SARS-CoV-2 (Sinovac),2021-02-20,4211,4186.0
60-69,Campaña SARS-CoV-2 (Sinovac),2021-02-21,457,453.0
60-69,Campaña SARS-CoV-2 (Sinovac),2021-02-22,42975,42733.0
60-69,Campaña SARS-CoV-2 (Sinovac),2021-02-23,25863,25684.0
60-69,Campaña SARS-CoV-2 (Sinovac),2021-02-24,19042,18870.0
60-69,Campaña SARS-CoV-2 (Sinovac),2021-02-25,16040,15883.0
60-69,Campaña SARS-CoV-2 (Sinovac),2021-02-26,16224,16019.0
60-69,Campaña SARS-CoV-2 (Sinovac),2021-02-27,1179,1163.0
60-69,Campaña SARS-CoV-2 (Sinovac),2021-02-28,120,119.0
60-69,Campaña SARS-CoV-2 (Sinovac),2021-03-01,79099,78777.0
60-69,Campaña SARS-CoV-2 (Sinovac),2021-03-02,89834,89397.0
60-69,Campaña SARS-CoV-2 (Sinovac),2021-03-03,93686,93237.0
60-69,Campaña SARS-CoV-2 (Sinovac),2021-03-04,93343,92813.0
60-69,Campaña SARS-CoV-2 (Sinovac),2021-03-05,95999,95463.0
60-69,Campaña SARS-CoV-2 (Sinovac),2021-03-06,5390,5343.0
60-69,Campaña SARS-CoV-2 (Sinovac),2021-03-07,572,565.0
60-69,Campaña SARS-CoV-2 (Sinovac),2021-03-08,28999,28735.0
60-69,Campaña SARS-CoV-2 (Sinovac),2021-03-09,16273,16084.0
60-69,Campaña SARS-CoV-2 (Sinovac),2021-03-10,13014,12850.0
60-69,Campaña SARS-CoV-2 (Sinovac),2021-03-11,12126,11904.0
60-69,Campaña SARS-CoV-2 (Sinovac),2021-03-12,13350,13142.0
60-69,Campaña SARS-CoV-2 (Sinovac),2021-03-13,3753,3694.0
60-69,Campaña SARS-CoV-2 (Sinovac),2021-03-14,456,446.0
60-69,Campaña SARS-CoV-2 (Sinovac),2021-03-15,12631,12436.0
60-69,Campaña SARS-CoV-2 (Sinovac),2021-03-16,10114,9924.0
60-69,Campaña SARS-CoV-2 (Sinovac),2021-03-17,9151,8960.0
60-69,Campaña SARS-CoV-2 (Sinovac),2021-03-18,8689,8495.0
60-69,Campaña SARS-CoV-2 (Sinovac),2021-03-19,9371,9186.0
60-69,Campaña SARS-CoV-2 (Sinovac),2021-03-20,1808,1774.0
60-69,Campaña SARS-CoV-2 (Sinovac),2021-03-21,211,202.0
60-69,Campaña SARS-CoV-2 (Sinovac),2021-03-22,9102,8925.0
60-69,Campaña SARS-CoV-2 (Sinovac),2021-03-23,6303,6139.0
60-69,Campaña SARS-CoV-2 (Sinovac),2021-03-24,6294,6144.0
60-69,Campaña SARS-CoV-2 (Sinovac),2021-03-25,4864,4745.0
60-69,Campaña SARS-CoV-2 (Sinovac),2021-03-26,5381,5251.0
60-69,Campaña SARS-CoV-2 (Sinovac),2021-03-27,598,581.0
60-69,Campaña SARS-CoV-2 (Sinovac),2021-03-28,58,56.0
60-69,Campaña SARS-CoV-2 (Sinovac),2021-03-29,6200,6030.0
60-69,Campaña SARS-CoV-2 (Sinovac),2021-03-30,4519,4383.0
60-69,Campaña SARS-CoV-2 (Sinovac),2021-03-31,4168,4044.0
60-69,Campaña SARS-CoV-2 (Sinovac),2021-04-01,4069,3929.0
60-69,Campaña SARS-CoV-2 (Sinovac),2021-04-02,78,75.0
60-69,Campaña SARS-CoV-2 (Sinovac),2021-04-03,77,75.0
60-69,Campaña SARS-CoV-2 (Sinovac),2021-04-04,12,12.0
60-69,Campaña SARS-CoV-2 (Sinovac),2021-04-05,3920,3784.0
60-69,Campaña SARS-CoV-2 (Sinovac),2021-04-06,2125,2044.0
60-69,Campaña SARS-CoV-2 (Sinovac),2021-04-07,1967,1888.0
60-69,Campaña SARS-CoV-2 (Sinovac),2021-04-08,1962,1896.0
60-69,Campaña SARS-CoV-2 (Sinovac),2021-04-09,2152,2071.0
60-69,Campaña SARS-CoV-2 (Sinovac),2021-04-10,255,241.0
60-69,Campaña SARS-CoV-2 (Sinovac),2021-04-11,26,25.0
60-69,Campaña SARS-CoV-2 (Sinovac),2021-04-12,1516,1462.0
60-69,Campaña SARS-CoV-2 (Sinovac),2021-04-13,854,817.0
60-69,Campaña SARS-CoV-2 (Sinovac),2021-04-14,764,735.0
60-69,Campaña SARS-CoV-2 (Sinovac),2021-04-15,772,732.0
60-69,Campaña SARS-CoV-2 (Sinovac),2021-04-16,1131,1080.0
60-69,Campaña SARS-CoV-2 (Sinovac),2021-04-17,150,141.0
60-69,Campaña SARS-CoV-2 (Sinovac),2021-04-18,7,5.0
60-69,Campaña SARS-CoV-2 (Sinovac),2021-04-19,2701,2607.0
60-69,Campaña SARS-CoV-2 (Sinovac),2021-04-20,2646,2549.0
60-69,Campaña SARS-CoV-2 (Sinovac),2021-04-21,2209,2102.0
60-69,Campaña SARS-CoV-2 (Sinovac),2021-04-22,2050,1943.0
60-69,Campaña SARS-CoV-2 (Sinovac),2021-04-23,1968,1856.0
60-69,Campaña SARS-CoV-2 (Sinovac),2021-04-24,330,308.0
60-69,Campaña SARS-CoV-2 (Sinovac),2021-04-25,28,27.0
60-69,Campaña SARS-CoV-2 (Sinovac),2021-04-26,1003,948.0
60-69,Campaña SARS-CoV-2 (Sinovac),2021-04-27,451,420.0
60-69,Campaña SARS-CoV-2 (Sinovac),2021-04-28,439,409.0
60-69,Campaña SARS-CoV-2 (Sinovac),2021-04-29,386,340.0
60-69,Campaña SARS-CoV-2 (Sinovac),2021-04-30,807,767.0
60-69,Campaña SARS-CoV-2 (Sinovac),2021-05-01,16,16.0
60-69,Campaña SARS-CoV-2 (Sinovac),2021-05-02,12,10.0
60-69,Campaña SARS-CoV-2 (Sinovac),2021-05-03,1325,1244.0
60-69,Campaña SARS-CoV-2 (Sinovac),2021-05-04,1239,1139.0
60-69,Campaña SARS-CoV-2 (Sinovac),2021-05-05,1371,1243.0
60-69,Campaña SARS-CoV-2 (Sinovac),2021-05-06,1516,1358.0
60-69,Campaña SARS-CoV-2 (Sinovac),2021-05-07,1696,1508.0
60-69,Campaña SARS-CoV-2 (Sinovac),2021-05-08,371,324.0
60-69,Campaña SARS-CoV-2 (Sinovac),2021-05-09,24,20.0
60-69,Campaña SARS-CoV-2 (Sinovac),2021-05-10,2005,1745.0
60-69,Campaña SARS-CoV-2 (Sinovac),2021-05-11,1891,1608.0
60-69,Campaña SARS-CoV-2 (Sinovac),2021-05-12,1938,1564.0
60-69,Campaña SARS-CoV-2 (Sinovac),2021-05-13,1707,1168.0
60-69,Campaña SARS-CoV-2 (Sinovac),2021-05-14,1786,151.0
60-69,Campaña SARS-CoV-2 (Sinovac),2021-05-15,32,1.0
60-69,Campaña SARS-CoV-2 (Sinovac),2021-05-16,4,0.0
60-69,Campaña SARS-CoV-2 (Sinovac),2021-05-17,1294,2.0
60-69,Campaña SARS-CoV-2 (Sinovac),2021-05-18,893,2.0
60-69,Campaña SARS-CoV-2 (Sinovac),2021-05-19,817,1.0
60-69,Campaña SARS-CoV-2 (Sinovac),2021-05-20,1040,0.0
60-69,Campaña SARS-CoV-2 (Sinovac),2021-05-21,25,0.0
60-69,Campaña SARS-CoV-2 (Sinovac),2021-05-22,292,0.0
60-69,Campaña SARS-CoV-2 (Sinovac),2021-05-23,47,0.0
60-69,Campaña SARS-CoV-2 (Sinovac),2021-05-24,2784,1.0
60-69,Campaña SARS-CoV-2 (Sinovac),2021-05-25,2473,5.0
60-69,Campaña SARS-CoV-2 (Sinovac),2021-05-26,2962,0.0
60-69,Campaña SARS-CoV-2 (Sinovac),2021-05-27,2715,0.0
60-69,Campaña SARS-CoV-2 (Sinovac),2021-05-28,3012,1.0
60-69,Campaña SARS-CoV-2 (Sinovac),2021-05-29,766,0.0
60-69,Campaña SARS-CoV-2 (Sinovac),2021-05-30,153,0.0
60-69,Campaña SARS-CoV-2 (Sinovac),2021-05-31,2044,0.0
60-69,Campaña SARS-CoV-2 (Sinovac),2021-06-01,498,0.0
60-69,Campaña SARS-CoV-2 (Sinovac),2021-06-02,533,0.0
60-69,Campaña SARS-CoV-2 (Sinovac),2021-06-03,764,0.0
60-69,Campaña SARS-CoV-2 (Sinovac),2021-06-04,947,1.0
60-69,Campaña SARS-CoV-2 (Sinovac),2021-06-05,406,0.0
60-69,Campaña SARS-CoV-2 (Sinovac),2021-06-06,47,0.0
60-69,Campaña SARS-CoV-2 (Sinovac),2021-06-07,2499,0.0
60-69,Campaña SARS-CoV-2 (Sinovac),2021-06-08,2612,0.0
60-69,Campaña SARS-CoV-2 (Sinovac),2021-06-09,2984,0.0
60-69,Campaña SARS-CoV-2 (Sinovac),2021-06-10,2011,0.0
60-69,Campaña SARS-CoV-2 (Sinovac),2021-06-11,104,0.0
60-69,Campaña SARS-CoV-2 (Sinovac),2021-06-12,25,0.0
<=39,Campaña SARS-CoV-2 (Pfizer),2020-12-24,313,312.0
<=39,Campaña SARS-CoV-2 (Pfizer),2020-12-25,3394,3363.0
<=39,Campaña SARS-CoV-2 (Pfizer),2020-12-26,2220,2202.0
<=39,Campaña SARS-CoV-2 (Pfizer),2020-12-27,205,203.0
<=39,Campaña SARS-CoV-2 (Pfizer),2021-01-04,297,295.0
<=39,Campaña SARS-CoV-2 (Pfizer),2021-01-05,1043,1041.0
<=39,Campaña SARS-CoV-2 (Pfizer),2021-01-06,144,144.0
<=39,Campaña SARS-CoV-2 (Pfizer),2021-01-13,1,1.0
<=39,Campaña SARS-CoV-2 (Pfizer),2021-01-14,1416,1410.0
<=39,Campaña SARS-CoV-2 (Pfizer),2021-01-15,673,663.0
<=39,Campaña SARS-CoV-2 (Pfizer),2021-01-16,16,16.0
<=39,Campaña SARS-CoV-2 (Pfizer),2021-01-18,6880,6840.0
<=39,Campaña SARS-CoV-2 (Pfizer),2021-01-19,11916,11866.0
<=39,Campaña SARS-CoV-2 (Pfizer),2021-01-20,5579,5544.0
<=39,Campaña SARS-CoV-2 (Pfizer),2021-01-21,1771,1754.0
<=39,Campaña SARS-CoV-2 (Pfizer),2021-01-22,222,215.0
<=39,Campaña SARS-CoV-2 (Pfizer),2021-01-25,12,12.0
<=39,Campaña SARS-CoV-2 (Pfizer),2021-01-26,5,5.0
<=39,Campaña SARS-CoV-2 (Pfizer),2021-01-30,1,1.0
<=39,Campaña SARS-CoV-2 (Pfizer),2021-02-04,8,8.0
<=39,Campaña SARS-CoV-2 (Pfizer),2021-02-05,8,7.0
<=39,Campaña SARS-CoV-2 (Pfizer),2021-02-08,10,10.0
<=39,Campaña SARS-CoV-2 (Pfizer),2021-02-09,58,57.0
<=39,Campaña SARS-CoV-2 (Pfizer),2021-02-10,66,66.0
<=39,Campaña SARS-CoV-2 (Pfizer),2021-02-11,73,70.0
<=39,Campaña SARS-CoV-2 (Pfizer),2021-02-12,61,61.0
<=39,Campaña SARS-CoV-2 (Pfizer),2021-02-15,1,1.0
<=39,Campaña SARS-CoV-2 (Pfizer),2021-02-22,251,247.0
<=39,Campaña SARS-CoV-2 (Pfizer),2021-02-23,643,636.0
<=39,Campaña SARS-CoV-2 (Pfizer),2021-02-24,2603,2571.0
<=39,Campaña SARS-CoV-2 (Pfizer),2021-02-25,6946,6848.0
<=39,Campaña SARS-CoV-2 (Pfizer),2021-02-26,13889,13708.0
<=39,Campaña SARS-CoV-2 (Pfizer),2021-02-27,4217,4181.0
<=39,Campaña SARS-CoV-2 (Pfizer),2021-03-01,10966,10877.0
<=39,Campaña SARS-CoV-2 (Pfizer),2021-03-02,22100,21802.0
<=39,Campaña SARS-CoV-2 (Pfizer),2021-03-03,13207,12980.0
<=39,Campaña SARS-CoV-2 (Pfizer),2021-03-04,5269,5161.0
<=39,Campaña SARS-CoV-2 (Pfizer),2021-03-05,2292,2216.0
<=39,Campaña SARS-CoV-2 (Pfizer),2021-03-06,197,185.0
<=39,Campaña SARS-CoV-2 (Pfizer),2021-03-07,56,54.0
<=39,Campaña SARS-CoV-2 (Pfizer),2021-03-08,1114,1088.0
<=39,Campaña SARS-CoV-2 (Pfizer),2021-03-09,2737,2684.0
<=39,Campaña SARS-CoV-2 (Pfizer),2021-03-10,3709,3633.0
<=39,Campaña SARS-CoV-2 (Pfizer),2021-03-11,5666,5528.0
<=39,Campaña SARS-CoV-2 (Pfizer),2021-03-12,2708,2651.0
<=39,Campaña SARS-CoV-2 (Pfizer),2021-03-13,87,70.0
<=39,Campaña SARS-CoV-2 (Pfizer),2021-03-15,2665,2621.0
<=39,Campaña SARS-CoV-2 (Pfizer),2021-03-16,11741,11563.0
<=39,Campaña SARS-CoV-2 (Pfizer),2021-03-17,15195,14973.0
<=39,Campaña SARS-CoV-2 (Pfizer),2021-03-18,10869,10670.0
<=39,Campaña SARS-CoV-2 (Pfizer),2021-03-19,2780,2716.0
<=39,Campaña SARS-CoV-2 (Pfizer),2021-03-20,322,320.0
<=39,Campaña SARS-CoV-2 (Pfizer),2021-03-22,5787,5651.0
<=39,Campaña SARS-CoV-2 (Pfizer),2021-03-23,19080,18555.0
<=39,Campaña SARS-CoV-2 (Pfizer),2021-03-24,13976,13586.0
<=39,Campaña SARS-CoV-2 (Pfizer),2021-03-25,18925,18398.0
<=39,Campaña SARS-CoV-2 (Pfizer),2021-03-26,15549,15099.0
<=39,Campaña SARS-CoV-2 (Pfizer),2021-03-27,1075,1042.0
<=39,Campaña SARS-CoV-2 (Pfizer),2021-03-29,4911,4800.0
<=39,Campaña SARS-CoV-2 (Pfizer),2021-03-30,9030,8780.0
<=39,Campaña SARS-CoV-2 (Pfizer),2021-03-31,8637,8364.0
<=39,Campaña SARS-CoV-2 (Pfizer),2021-04-01,4177,4024.0
<=39,Campaña SARS-CoV-2 (Pfizer),2021-04-02,83,77.0
<=39,Campaña SARS-CoV-2 (Pfizer),2021-04-03,106,102.0
<=39,Campaña SARS-CoV-2 (Pfizer),2021-04-04,1,1.0
<=39,Campaña SARS-CoV-2 (Pfizer),2021-04-05,5364,5223.0
<=39,Campaña SARS-CoV-2 (Pfizer),2021-04-06,11341,10872.0
<=39,Campaña SARS-CoV-2 (Pfizer),2021-04-07,12089,11118.0
<=39,Campaña SARS-CoV-2 (Pfizer),2021-04-08,12325,11605.0
<=39,Campaña SARS-CoV-2 (Pfizer),2021-04-09,12378,11908.0
<=39,Campaña SARS-CoV-2 (Pfizer),2021-04-10,2403,2292.0
<=39,Campaña SARS-CoV-2 (Pfizer),2021-04-11,184,175.0
<=39,Campaña SARS-CoV-2 (Pfizer),2021-04-12,11674,11274.0
<=39,Campaña SARS-CoV-2 (Pfizer),2021-04-13,15441,14872.0
<=39,Campaña SARS-CoV-2 (Pfizer),2021-04-14,14365,13692.0
<=39,Campaña SARS-CoV-2 (Pfizer),2021-04-15,14517,13954.0
<=39,Campaña SARS-CoV-2 (Pfizer),2021-04-16,11872,11446.0
<=39,Campaña SARS-CoV-2 (Pfizer),2021-04-17,1792,1725.0
<=39,Campaña SARS-CoV-2 (Pfizer),2021-04-18,381,371.0
<=39,Campaña SARS-CoV-2 (Pfizer),2021-04-19,2289,2180.0
<=39,Campaña SARS-CoV-2 (Pfizer),2021-04-20,2002,1931.0
<=39,Campaña SARS-CoV-2 (Pfizer),2021-04-21,1611,1446.0
<=39,Campaña SARS-CoV-2 (Pfizer),2021-04-22,1656,1453.0
<=39,Campaña SARS-CoV-2 (Pfizer),2021-04-23,891,840.0
<=39,Campaña SARS-CoV-2 (Pfizer),2021-04-24,515,502.0
<=39,Campaña SARS-CoV-2 (Pfizer),2021-04-26,2489,2354.0
<=39,Campaña SARS-CoV-2 (Pfizer),2021-04-27,4060,3831.0
<=39,Campaña SARS-CoV-2 (Pfizer),2021-04-28,3326,3120.0
<=39,Campaña SARS-CoV-2 (Pfizer),2021-04-29,2668,2514.0
<=39,Campaña SARS-CoV-2 (Pfizer),2021-04-30,4586,4313.0
<=39,Campaña SARS-CoV-2 (Pfizer),2021-05-01,354,330.0
<=39,Campaña SARS-CoV-2 (Pfizer),2021-05-02,67,63.0
<=39,Campaña SARS-CoV-2 (Pfizer),2021-05-03,1389,1288.0
<=39,Campaña SARS-CoV-2 (Pfizer),2021-05-04,1310,1187.0
<=39,Campaña SARS-CoV-2 (Pfizer),2021-05-05,1089,950.0
<=39,Campaña SARS-CoV-2 (Pfizer),2021-05-06,1250,1118.0
<=39,Campaña SARS-CoV-2 (Pfizer),2021-05-07,1859,1410.0
<=39,Campaña SARS-CoV-2 (Pfizer),2021-05-08,764,686.0
<=39,Campaña SARS-CoV-2 (Pfizer),2021-05-09,1,1.0
<=39,Campaña SARS-CoV-2 (Pfizer),2021-05-10,2095,1800.0
<=39,Campaña SARS-CoV-2 (Pfizer),2021-05-11,2814,2304.0
<=39,Campaña SARS-CoV-2 (Pfizer),2021-05-12,1983,1509.0
<=39,Campaña SARS-CoV-2 (Pfizer),2021-05-13,3728,2262.0
<=39,Campaña SARS-CoV-2 (Pfizer),2021-05-14,6397,323.0
<=39,Campaña SARS-CoV-2 (Pfizer),2021-05-15,85,16.0
<=39,Campaña SARS-CoV-2 (Pfizer),2021-05-17,29544,101.0
<=39,Campaña SARS-CoV-2 (Pfizer),2021-05-18,51934,15.0
<=39,Campaña SARS-CoV-2 (Pfizer),2021-05-19,56287,31.0
<=39,Campaña SARS-CoV-2 (Pfizer),2021-05-20,51160,12.0
<=39,Campaña SARS-CoV-2 (Pfizer),2021-05-21,5196,1.0
<=39,Campaña SARS-CoV-2 (Pfizer),2021-05-22,8418,3.0
<=39,Campaña SARS-CoV-2 (Pfizer),2021-05-23,759,0.0
<=39,Campaña SARS-CoV-2 (Pfizer),2021-05-24,44352,11.0
<=39,Campaña SARS-CoV-2 (Pfizer),2021-05-25,62563,0.0
<=39,Campaña SARS-CoV-2 (Pfizer),2021-05-26,37616,1.0
<=39,Campaña SARS-CoV-2 (Pfizer),2021-05-27,29656,1.0
<=39,Campaña SARS-CoV-2 (Pfizer),2021-05-28,18983,1.0
<=39,Campaña SARS-CoV-2 (Pfizer),2021-05-29,6756,1.0
<=39,Campaña SARS-CoV-2 (Pfizer),2021-05-30,801,2.0
<=39,Campaña SARS-CoV-2 (Pfizer),2021-05-31,42285,0.0
<=39,Campaña SARS-CoV-2 (Pfizer),2021-06-01,72034,0.0
<=39,Campaña SARS-CoV-2 (Pfizer),2021-06-02,58723,0.0
<=39,Campaña SARS-CoV-2 (Pfizer),2021-06-03,31823,0.0
<=39,Campaña SARS-CoV-2 (Pfizer),2021-06-04,14336,0.0
<=39,Campaña SARS-CoV-2 (Pfizer),2021-06-05,2876,0.0
<=39,Campaña SARS-CoV-2 (Pfizer),2021-06-06,382,0.0
<=39,Campaña SARS-CoV-2 (Pfizer),2021-06-07,3055,0.0
<=39,Campaña SARS-CoV-2 (Pfizer),2021-06-08,3503,0.0
<=39,Campaña SARS-CoV-2 (Pfizer),2021-06-09,4147,0.0
<=39,Campaña SARS-CoV-2 (Pfizer),2021-06-10,5832,0.0
<=39,Campaña SARS-CoV-2 (Sinovac),2021-02-02,8296,8256.0
<=39,Campaña SARS-CoV-2 (Sinovac),2021-02-03,68041,67613.0
<=39,Campaña SARS-CoV-2 (Sinovac),2021-02-04,51676,51322.0
<=39,Campaña SARS-CoV-2 (Sinovac),2021-02-05,44269,43880.0
<=39,Campaña SARS-CoV-2 (Sinovac),2021-02-06,5563,5491.0
<=39,Campaña SARS-CoV-2 (Sinovac),2021-02-07,891,879.0
<=39,Campaña SARS-CoV-2 (Sinovac),2021-02-08,31812,31535.0
<=39,Campaña SARS-CoV-2 (Sinovac),2021-02-09,36123,35783.0
<=39,Campaña SARS-CoV-2 (Sinovac),2021-02-10,38376,37945.0
<=39,Campaña SARS-CoV-2 (Sinovac),2021-02-11,38207,37709.0
<=39,Campaña SARS-CoV-2 (Sinovac),2021-02-12,32597,32099.0
<=39,Campaña SARS-CoV-2 (Sinovac),2021-02-13,6555,6445.0
<=39,Campaña SARS-CoV-2 (Sinovac),2021-02-14,635,626.0
<=39,Campaña SARS-CoV-2 (Sinovac),2021-02-15,30774,30505.0
<=39,Campaña SARS-CoV-2 (Sinovac),2021-02-16,33829,33457.0
<=39,Campaña SARS-CoV-2 (Sinovac),2021-02-17,27598,27269.0
<=39,Campaña SARS-CoV-2 (Sinovac),2021-02-18,20639,20315.0
<=39,Campaña SARS-CoV-2 (Sinovac),2021-02-19,16856,16593.0
<=39,Campaña SARS-CoV-2 (Sinovac),2021-02-20,1499,1465.0
<=39,Campaña SARS-CoV-2 (Sinovac),2021-02-21,267,259.0
<=39,Campaña SARS-CoV-2 (Sinovac),2021-02-22,7439,7340.0
<=39,Campaña SARS-CoV-2 (Sinovac),2021-02-23,6611,6505.0
<=39,Campaña SARS-CoV-2 (Sinovac),2021-02-24,5868,5769.0
<=39,Campaña SARS-CoV-2 (Sinovac),2021-02-25,5345,5253.0
<=39,Campaña SARS-CoV-2 (Sinovac),2021-02-26,8671,8442.0
<=39,Campaña SARS-CoV-2 (Sinovac),2021-02-27,759,747.0
<=39,Campaña SARS-CoV-2 (Sinovac),2021-02-28,123,121.0
<=39,Campaña SARS-CoV-2 (Sinovac),2021-03-01,26676,26381.0
<=39,Campaña SARS-CoV-2 (Sinovac),2021-03-02,26003,25690.0
<=39,Campaña SARS-CoV-2 (Sinovac),2021-03-03,32283,31747.0
<=39,Campaña SARS-CoV-2 (Sinovac),2021-03-04,27884,27296.0
<=39,Campaña SARS-CoV-2 (Sinovac),2021-03-05,19366,18898.0
<=39,Campaña SARS-CoV-2 (Sinovac),2021-03-06,1806,1761.0
<=39,Campaña SARS-CoV-2 (Sinovac),2021-03-07,117,115.0
<=39,Campaña SARS-CoV-2 (Sinovac),2021-03-08,7967,7807.0
<=39,Campaña SARS-CoV-2 (Sinovac),2021-03-09,6898,6716.0
<=39,Campaña SARS-CoV-2 (Sinovac),2021-03-10,6860,6684.0
<=39,Campaña SARS-CoV-2 (Sinovac),2021-03-11,8051,7821.0
<=39,Campaña SARS-CoV-2 (Sinovac),2021-03-12,10028,9739.0
<=39,Campaña SARS-CoV-2 (Sinovac),2021-03-13,1966,1917.0
<=39,Campaña SARS-CoV-2 (Sinovac),2021-03-14,275,265.0
<=39,Campaña SARS-CoV-2 (Sinovac),2021-03-15,19953,19561.0
<=39,Campaña SARS-CoV-2 (Sinovac),2021-03-16,47777,47106.0
<=39,Campaña SARS-CoV-2 (Sinovac),2021-03-17,58665,57853.0
<=39,Campaña SARS-CoV-2 (Sinovac),2021-03-18,70377,69387.0
<=39,Campaña SARS-CoV-2 (Sinovac),2021-03-19,65581,64526.0
<=39,Campaña SARS-CoV-2 (Sinovac),2021-03-20,9519,9352.0
<=39,Campaña SARS-CoV-2 (Sinovac),2021-03-21,1187,1169.0
<=39,Campaña SARS-CoV-2 (Sinovac),2021-03-22,55247,54129.0
<=39,Campaña SARS-CoV-2 (Sinovac),2021-03-23,47947,46726.0
<=39,Campaña SARS-CoV-2 (Sinovac),2021-03-24,31300,30549.0
<=39,Campaña SARS-CoV-2 (Sinovac),2021-03-25,35256,34410.0
<=39,Campaña SARS-CoV-2 (Sinovac),2021-03-26,48438,47281.0
<=39,Campaña SARS-CoV-2 (Sinovac),2021-03-27,4241,4147.0
<=39,Campaña SARS-CoV-2 (Sinovac),2021-03-28,409,395.0
<=39,Campaña SARS-CoV-2 (Sinovac),2021-03-29,26688,26053.0
<=39,Campaña SARS-CoV-2 (Sinovac),2021-03-30,22764,22107.0
<=39,Campaña SARS-CoV-2 (Sinovac),2021-03-31,25055,24051.0
<=39,Campaña SARS-CoV-2 (Sinovac),2021-04-01,26722,25755.0
<=39,Campaña SARS-CoV-2 (Sinovac),2021-04-02,642,617.0
<=39,Campaña SARS-CoV-2 (Sinovac),2021-04-03,654,622.0
<=39,Campaña SARS-CoV-2 (Sinovac),2021-04-04,247,238.0
<=39,Campaña SARS-CoV-2 (Sinovac),2021-04-05,18384,17877.0
<=39,Campaña SARS-CoV-2 (Sinovac),2021-04-06,11581,11288.0
<=39,Campaña SARS-CoV-2 (Sinovac),2021-04-07,9895,9597.0
<=39,Campaña SARS-CoV-2 (Sinovac),2021-04-08,10631,10249.0
<=39,Campaña SARS-CoV-2 (Sinovac),2021-04-09,10852,10518.0
<=39,Campaña SARS-CoV-2 (Sinovac),2021-04-10,1194,1146.0
<=39,Campaña SARS-CoV-2 (Sinovac),2021-04-11,236,222.0
<=39,Campaña SARS-CoV-2 (Sinovac),2021-04-12,6688,6475.0
<=39,Campaña SARS-CoV-2 (Sinovac),2021-04-13,4783,4628.0
<=39,Campaña SARS-CoV-2 (Sinovac),2021-04-14,4151,4010.0
<=39,Campaña SARS-CoV-2 (Sinovac),2021-04-15,4168,3983.0
<=39,Campaña SARS-CoV-2 (Sinovac),2021-04-16,5774,5558.0
<=39,Campaña SARS-CoV-2 (Sinovac),2021-04-17,710,672.0
<=39,Campaña SARS-CoV-2 (Sinovac),2021-04-18,72,72.0
<=39,Campaña SARS-CoV-2 (Sinovac),2021-04-19,7925,7628.0
<=39,Campaña SARS-CoV-2 (Sinovac),2021-04-20,7882,7590.0
<=39,Campaña SARS-CoV-2 (Sinovac),2021-04-21,5942,5681.0
<=39,Campaña SARS-CoV-2 (Sinovac),2021-04-22,5908,5665.0
<=39,Campaña SARS-CoV-2 (Sinovac),2021-04-23,5696,5441.0
<=39,Campaña SARS-CoV-2 (Sinovac),2021-04-24,684,648.0
<=39,Campaña SARS-CoV-2 (Sinovac),2021-04-25,56,54.0
<=39,Campaña SARS-CoV-2 (Sinovac),2021-04-26,3215,3070.0
<=39,Campaña SARS-CoV-2 (Sinovac),2021-04-27,2445,2260.0
<=39,Campaña SARS-CoV-2 (Sinovac),2021-04-28,2329,2198.0
<=39,Campaña SARS-CoV-2 (Sinovac),2021-04-29,1958,1849.0
<=39,Campaña SARS-CoV-2 (Sinovac),2021-04-30,1817,1694.0
<=39,Campaña SARS-CoV-2 (Sinovac),2021-05-01,31,28.0
<=39,Campaña SARS-CoV-2 (Sinovac),2021-05-02,53,50.0
<=39,Campaña SARS-CoV-2 (Sinovac),2021-05-03,3515,3275.0
<=39,Campaña SARS-CoV-2 (Sinovac),2021-05-04,3698,3410.0
<=39,Campaña SARS-CoV-2 (Sinovac),2021-05-05,4031,3652.0
<=39,Campaña SARS-CoV-2 (Sinovac),2021-05-06,4309,3897.0
<=39,Campaña SARS-CoV-2 (Sinovac),2021-05-07,5106,4493.0
<=39,Campaña SARS-CoV-2 (Sinovac),2021-05-08,955,808.0
<=39,Campaña SARS-CoV-2 (Sinovac),2021-05-09,96,86.0
<=39,Campaña SARS-CoV-2 (Sinovac),2021-05-10,53794,48875.0
<=39,Campaña SARS-CoV-2 (Sinovac),2021-05-11,64812,56422.0
<=39,Campaña SARS-CoV-2 (Sinovac),2021-05-12,67947,55769.0
<=39,Campaña SARS-CoV-2 (Sinovac),2021-05-13,65234,45526.0
<=39,Campaña SARS-CoV-2 (Sinovac),2021-05-14,66419,3765.0
<=39,Campaña SARS-CoV-2 (Sinovac),2021-05-15,519,13.0
<=39,Campaña SARS-CoV-2 (Sinovac),2021-05-16,131,0.0
<=39,Campaña SARS-CoV-2 (Sinovac),2021-05-17,70966,194.0
<=39,Campaña SARS-CoV-2 (Sinovac),2021-05-18,60228,26.0
<=39,Campaña SARS-CoV-2 (Sinovac),2021-05-19,41295,12.0
<=39,Campaña SARS-CoV-2 (Sinovac),2021-05-20,48408,11.0
<=39,Campaña SARS-CoV-2 (Sinovac),2021-05-21,1088,0.0
<=39,Campaña SARS-CoV-2 (Sinovac),2021-05-22,11710,3.0
<=39,Campaña SARS-CoV-2 (Sinovac),2021-05-23,1935,1.0
<=39,Campaña SARS-CoV-2 (Sinovac),2021-05-24,80027,17.0
<=39,Campaña SARS-CoV-2 (Sinovac),2021-05-25,68852,3.0
<=39,Campaña SARS-CoV-2 (Sinovac),2021-05-26,81466,5.0
<=39,Campaña SARS-CoV-2 (Sinovac),2021-05-27,73289,1.0
<=39,Campaña SARS-CoV-2 (Sinovac),2021-05-28,63410,2.0
<=39,Campaña SARS-CoV-2 (Sinovac),2021-05-29,16807,0.0
<=39,Campaña SARS-CoV-2 (Sinovac),2021-05-30,4828,0.0
<=39,Campaña SARS-CoV-2 (Sinovac),2021-05-31,47160,3.0
<=39,Campaña SARS-CoV-2 (Sinovac),2021-06-01,7175,0.0
<=39,Campaña SARS-CoV-2 (Sinovac),2021-06-02,5741,0.0
<=39,Campaña SARS-CoV-2 (Sinovac),2021-06-03,9587,0.0
<=39,Campaña SARS-CoV-2 (Sinovac),2021-06-04,16627,1.0
<=39,Campaña SARS-CoV-2 (Sinovac),2021-06-05,8214,0.0
<=39,Campaña SARS-CoV-2 (Sinovac),2021-06-06,1137,0.0
<=39,Campaña SARS-CoV-2 (Sinovac),2021-06-07,33248,1.0
<=39,Campaña SARS-CoV-2 (Sinovac),2021-06-08,36526,1.0
<=39,Campaña SARS-CoV-2 (Sinovac),2021-06-09,47235,2.0
<=39,Campaña SARS-CoV-2 (Sinovac),2021-06-10,71045,0.0
<=39,Campaña SARS-CoV-2 (Sinovac),2021-06-11,2238,0.0
<=39,Campaña SARS-CoV-2 (Sinovac),2021-06-12,487,0.0
>=70,Campaña SARS-CoV-2 (Pfizer),2020-12-24,2,2.0
>=70,Campaña SARS-CoV-2 (Pfizer),2020-12-25,7,7.0
>=70,Campaña SARS-CoV-2 (Pfizer),2020-12-26,8,8.0
>=70,Campaña SARS-CoV-2 (Pfizer),2021-01-05,1,1.0
>=70,Campaña SARS-CoV-2 (Pfizer),2021-01-14,6,6.0
>=70,Campaña SARS-CoV-2 (Pfizer),2021-01-15,2,2.0
>=70,Campaña SARS-CoV-2 (Pfizer),2021-01-18,297,291.0
>=70,Campaña SARS-CoV-2 (Pfizer),2021-01-19,254,252.0
>=70,Campaña SARS-CoV-2 (Pfizer),2021-01-20,172,169.0
>=70,Campaña SARS-CoV-2 (Pfizer),2021-01-21,61,61.0
>=70,Campaña SARS-CoV-2 (Pfizer),2021-01-22,4,4.0
>=70,Campaña SARS-CoV-2 (Pfizer),2021-01-26,4,4.0
>=70,Campaña SARS-CoV-2 (Pfizer),2021-01-27,1,1.0
>=70,Campaña SARS-CoV-2 (Pfizer),2021-02-04,3,3.0
>=70,Campaña SARS-CoV-2 (Pfizer),2021-02-05,2,2.0
>=70,Campaña SARS-CoV-2 (Pfizer),2021-02-09,1,1.0
>=70,Campaña SARS-CoV-2 (Pfizer),2021-02-10,1,1.0
>=70,Campaña SARS-CoV-2 (Pfizer),2021-02-11,49,49.0
>=70,Campaña SARS-CoV-2 (Pfizer),2021-02-12,16,16.0
>=70,Campaña SARS-CoV-2 (Pfizer),2021-02-22,15,15.0
>=70,Campaña SARS-CoV-2 (Pfizer),2021-02-23,110,109.0
>=70,Campaña SARS-CoV-2 (Pfizer),2021-02-24,475,461.0
>=70,Campaña SARS-CoV-2 (Pfizer),2021-02-25,888,864.0
>=70,Campaña SARS-CoV-2 (Pfizer),2021-02-26,730,707.0
>=70,Campaña SARS-CoV-2 (Pfizer),2021-02-27,62,60.0
>=70,Campaña SARS-CoV-2 (Pfizer),2021-03-01,86,85.0
>=70,Campaña SARS-CoV-2 (Pfizer),2021-03-02,193,185.0
>=70,Campaña SARS-CoV-2 (Pfizer),2021-03-03,181,173.0
>=70,Campaña SARS-CoV-2 (Pfizer),2021-03-04,121,113.0
>=70,Campaña SARS-CoV-2 (Pfizer),2021-03-05,107,103.0
>=70,Campaña SARS-CoV-2 (Pfizer),2021-03-08,240,232.0
>=70,Campaña SARS-CoV-2 (Pfizer),2021-03-09,790,765.0
>=70,Campaña SARS-CoV-2 (Pfizer),2021-03-10,961,933.0
>=70,Campaña SARS-CoV-2 (Pfizer),2021-03-11,827,795.0
>=70,Campaña SARS-CoV-2 (Pfizer),2021-03-12,326,313.0
>=70,Campaña SARS-CoV-2 (Pfizer),2021-03-13,13,13.0
>=70,Campaña SARS-CoV-2 (Pfizer),2021-03-15,238,233.0
>=70,Campaña SARS-CoV-2 (Pfizer),2021-03-16,488,473.0
>=70,Campaña SARS-CoV-2 (Pfizer),2021-03-17,450,430.0
>=70,Campaña SARS-CoV-2 (Pfizer),2021-03-18,266,250.0
>=70,Campaña SARS-CoV-2 (Pfizer),2021-03-19,59,59.0
>=70,Campaña SARS-CoV-2 (Pfizer),2021-03-22,186,180.0
>=70,Campaña SARS-CoV-2 (Pfizer),2021-03-23,448,434.0
>=70,Campaña SARS-CoV-2 (Pfizer),2021-03-24,508,491.0
>=70,Campaña SARS-CoV-2 (Pfizer),2021-03-25,440,427.0
>=70,Campaña SARS-CoV-2 (Pfizer),2021-03-26,208,199.0
>=70,Campaña SARS-CoV-2 (Pfizer),2021-03-27,2,2.0
>=70,Campaña SARS-CoV-2 (Pfizer),2021-03-29,189,178.0
>=70,Campaña SARS-CoV-2 (Pfizer),2021-03-30,331,322.0
>=70,Campaña SARS-CoV-2 (Pfizer),2021-03-31,244,236.0
>=70,Campaña SARS-CoV-2 (Pfizer),2021-04-01,108,104.0
>=70,Campaña SARS-CoV-2 (Pfizer),2021-04-05,198,189.0
>=70,Campaña SARS-CoV-2 (Pfizer),2021-04-06,494,475.0
>=70,Campaña SARS-CoV-2 (Pfizer),2021-04-07,491,474.0
>=70,Campaña SARS-CoV-2 (Pfizer),2021-04-08,472,451.0
>=70,Campaña SARS-CoV-2 (Pfizer),2021-04-09,385,360.0
>=70,Campaña SARS-CoV-2 (Pfizer),2021-04-10,55,50.0
>=70,Campaña SARS-CoV-2 (Pfizer),2021-04-11,7,7.0
>=70,Campaña SARS-CoV-2 (Pfizer),2021-04-12,498,469.0
>=70,Campaña SARS-CoV-2 (Pfizer),2021-04-13,682,650.0
>=70,Campaña SARS-CoV-2 (Pfizer),2021-04-14,627,588.0
>=70,Campaña SARS-CoV-2 (Pfizer),2021-04-15,588,547.0
>=70,Campaña SARS-CoV-2 (Pfizer),2021-04-16,599,562.0
>=70,Campaña SARS-CoV-2 (Pfizer),2021-04-17,50,45.0
>=70,Campaña SARS-CoV-2 (Pfizer),2021-04-19,154,140.0
>=70,Campaña SARS-CoV-2 (Pfizer),2021-04-20,116,110.0
>=70,Campaña SARS-CoV-2 (Pfizer),2021-04-21,67,60.0
>=70,Campaña SARS-CoV-2 (Pfizer),2021-04-22,48,44.0
>=70,Campaña SARS-CoV-2 (Pfizer),2021-04-23,52,49.0
>=70,Campaña SARS-CoV-2 (Pfizer),2021-04-24,1,0.0
>=70,Campaña SARS-CoV-2 (Pfizer),2021-04-26,197,187.0
>=70,Campaña SARS-CoV-2 (Pfizer),2021-04-27,283,253.0
>=70,Campaña SARS-CoV-2 (Pfizer),2021-04-28,223,199.0
>=70,Campaña SARS-CoV-2 (Pfizer),2021-04-29,202,184.0
>=70,Campaña SARS-CoV-2 (Pfizer),2021-04-30,496,454.0
>=70,Campaña SARS-CoV-2 (Pfizer),2021-05-01,3,2.0
>=70,Campaña SARS-CoV-2 (Pfizer),2021-05-02,3,3.0
>=70,Campaña SARS-CoV-2 (Pfizer),2021-05-03,91,86.0
>=70,Campaña SARS-CoV-2 (Pfizer),2021-05-04,62,58.0
>=70,Campaña SARS-CoV-2 (Pfizer),2021-05-05,44,39.0
>=70,Campaña SARS-CoV-2 (Pfizer),2021-05-06,44,37.0
>=70,Campaña SARS-CoV-2 (Pfizer),2021-05-07,38,32.0
>=70,Campaña SARS-CoV-2 (Pfizer),2021-05-08,11,10.0
>=70,Campaña SARS-CoV-2 (Pfizer),2021-05-10,22,18.0
>=70,Campaña SARS-CoV-2 (Pfizer),2021-05-11,38,30.0
>=70,Campaña SARS-CoV-2 (Pfizer),2021-05-12,19,15.0
>=70,Campaña SARS-CoV-2 (Pfizer),2021-05-13,32,19.0
>=70,Campaña SARS-CoV-2 (Pfizer),2021-05-14,54,6.0
>=70,Campaña SARS-CoV-2 (Pfizer),2021-05-15,1,0.0
>=70,Campaña SARS-CoV-2 (Pfizer),2021-05-17,125,1.0
>=70,Campaña SARS-CoV-2 (Pfizer),2021-05-18,264,1.0
>=70,Campaña SARS-CoV-2 (Pfizer),2021-05-19,246,0.0
>=70,Campaña SARS-CoV-2 (Pfizer),2021-05-20,287,0.0
>=70,Campaña SARS-CoV-2 (Pfizer),2021-05-21,18,0.0
>=70,Campaña SARS-CoV-2 (Pfizer),2021-05-22,64,0.0
>=70,Campaña SARS-CoV-2 (Pfizer),2021-05-23,4,0.0
>=70,Campaña SARS-CoV-2 (Pfizer),2021-05-24,448,1.0
>=70,Campaña SARS-CoV-2 (Pfizer),2021-05-25,828,0.0
>=70,Campaña SARS-CoV-2 (Pfizer),2021-05-26,523,0.0
>=70,Campaña SARS-CoV-2 (Pfizer),2021-05-27,387,0.0
>=70,Campaña SARS-CoV-2 (Pfizer),2021-05-28,298,0.0
>=70,Campaña SARS-CoV-2 (Pfizer),2021-05-29,91,0.0
>=70,Campaña SARS-CoV-2 (Pfizer),2021-05-30,13,0.0
>=70,Campaña SARS-CoV-2 (Pfizer),2021-05-31,629,0.0
>=70,Campaña SARS-CoV-2 (Pfizer),2021-06-01,956,0.0
>=70,Campaña SARS-CoV-2 (Pfizer),2021-06-02,881,0.0
>=70,Campaña SARS-CoV-2 (Pfizer),2021-06-03,584,0.0
>=70,Campaña SARS-CoV-2 (Pfizer),2021-06-04,352,0.0
>=70,Campaña SARS-CoV-2 (Pfizer),2021-06-05,45,0.0
>=70,Campaña SARS-CoV-2 (Pfizer),2021-06-06,8,0.0
>=70,Campaña SARS-CoV-2 (Pfizer),2021-06-07,104,0.0
>=70,Campaña SARS-CoV-2 (Pfizer),2021-06-08,98,0.0
>=70,Campaña SARS-CoV-2 (Pfizer),2021-06-09,71,0.0
>=70,Campaña SARS-CoV-2 (Pfizer),2021-06-10,65,0.0
>=70,Campaña SARS-CoV-2 (Sinovac),2021-02-02,95,94.0
>=70,Campaña SARS-CoV-2 (Sinovac),2021-02-03,58756,58286.0
>=70,Campaña SARS-CoV-2 (Sinovac),2021-02-04,84828,84277.0
>=70,Campaña SARS-CoV-2 (Sinovac),2021-02-05,88665,88098.0
>=70,Campaña SARS-CoV-2 (Sinovac),2021-02-06,15036,14950.0
>=70,Campaña SARS-CoV-2 (Sinovac),2021-02-07,5118,5075.0
>=70,Campaña SARS-CoV-2 (Sinovac),2021-02-08,150917,150168.0
>=70,Campaña SARS-CoV-2 (Sinovac),2021-02-09,156916,156150.0
>=70,Campaña SARS-CoV-2 (Sinovac),2021-02-10,174215,173421.0
>=70,Campaña SARS-CoV-2 (Sinovac),2021-02-11,147126,146377.0
>=70,Campaña SARS-CoV-2 (Sinovac),2021-02-12,135054,134316.0
>=70,Campaña SARS-CoV-2 (Sinovac),2021-02-13,8805,8704.0
>=70,Campaña SARS-CoV-2 (Sinovac),2021-02-14,1195,1183.0
>=70,Campaña SARS-CoV-2 (Sinovac),2021-02-15,76711,76199.0
>=70,Campaña SARS-CoV-2 (Sinovac),2021-02-16,36971,36599.0
>=70,Campaña SARS-CoV-2 (Sinovac),2021-02-17,27463,27158.0
>=70,Campaña SARS-CoV-2 (Sinovac),2021-02-18,23623,23276.0
>=70,Campaña SARS-CoV-2 (Sinovac),2021-02-19,20418,20085.0
>=70,Campaña SARS-CoV-2 (Sinovac),2021-02-20,2436,2393.0
>=70,Campaña SARS-CoV-2 (Sinovac),2021-02-21,254,250.0
>=70,Campaña SARS-CoV-2 (Sinovac),2021-02-22,23883,23497.0
>=70,Campaña SARS-CoV-2 (Sinovac),2021-02-23,18070,17752.0
>=70,Campaña SARS-CoV-2 (Sinovac),2021-02-24,14622,14336.0
>=70,Campaña SARS-CoV-2 (Sinovac),2021-02-25,12497,12225.0
>=70,Campaña SARS-CoV-2 (Sinovac),2021-02-26,11744,11485.0
>=70,Campaña SARS-CoV-2 (Sinovac),2021-02-27,929,886.0
>=70,Campaña SARS-CoV-2 (Sinovac),2021-02-28,69,69.0
>=70,Campaña SARS-CoV-2 (Sinovac),2021-03-01,7748,7570.0
>=70,Campaña SARS-CoV-2 (Sinovac),2021-03-02,6567,6392.0
>=70,Campaña SARS-CoV-2 (Sinovac),2021-03-03,6186,6020.0
>=70,Campaña SARS-CoV-2 (Sinovac),2021-03-04,6175,5991.0
>=70,Campaña SARS-CoV-2 (Sinovac),2021-03-05,5585,5420.0
>=70,Campaña SARS-CoV-2 (Sinovac),2021-03-06,665,630.0
>=70,Campaña SARS-CoV-2 (Sinovac),2021-03-07,86,84.0
>=70,Campaña SARS-CoV-2 (Sinovac),2021-03-08,5421,5266.0
>=70,Campaña SARS-CoV-2 (Sinovac),2021-03-09,4531,4384.0
>=70,Campaña SARS-CoV-2 (Sinovac),2021-03-10,4271,4111.0
>=70,Campaña SARS-CoV-2 (Sinovac),2021-03-11,4654,4470.0
>=70,Campaña SARS-CoV-2 (Sinovac),2021-03-12,4767,4594.0
>=70,Campaña SARS-CoV-2 (Sinovac),2021-03-13,886,857.0
>=70,Campaña SARS-CoV-2 (Sinovac),2021-03-14,108,107.0
>=70,Campaña SARS-CoV-2 (Sinovac),2021-03-15,4385,4230.0
>=70,Campaña SARS-CoV-2 (Sinovac),2021-03-16,3876,3727.0
>=70,Campaña SARS-CoV-2 (Sinovac),2021-03-17,3591,3482.0
>=70,Campaña SARS-CoV-2 (Sinovac),2021-03-18,3293,3155.0
>=70,Campaña SARS-CoV-2 (Sinovac),2021-03-19,3439,3287.0
>=70,Campaña SARS-CoV-2 (Sinovac),2021-03-20,552,537.0
>=70,Campaña SARS-CoV-2 (Sinovac),2021-03-21,62,57.0
>=70,Campaña SARS-CoV-2 (Sinovac),2021-03-22,3217,3090.0
>=70,Campaña SARS-CoV-2 (Sinovac),2021-03-23,2659,2554.0
>=70,Campaña SARS-CoV-2 (Sinovac),2021-03-24,2488,2371.0
>=70,Campaña SARS-CoV-2 (Sinovac),2021-03-25,2026,1906.0
>=70,Campaña SARS-CoV-2 (Sinovac),2021-03-26,1976,1878.0
>=70,Campaña SARS-CoV-2 (Sinovac),2021-03-27,198,187.0
>=70,Campaña SARS-CoV-2 (Sinovac),2021-03-28,18,17.0
>=70,Campaña SARS-CoV-2 (Sinovac),2021-03-29,2183,2078.0
>=70,Campaña SARS-CoV-2 (Sinovac),2021-03-30,1797,1700.0
>=70,Campaña SARS-CoV-2 (Sinovac),2021-03-31,1787,1683.0
>=70,Campaña SARS-CoV-2 (Sinovac),2021-04-01,1646,1568.0
>=70,Campaña SARS-CoV-2 (Sinovac),2021-04-02,24,24.0
>=70,Campaña SARS-CoV-2 (Sinovac),2021-04-03,35,33.0
>=70,Campaña SARS-CoV-2 (Sinovac),2021-04-04,6,5.0
>=70,Campaña SARS-CoV-2 (Sinovac),2021-04-05,1561,1490.0
>=70,Campaña SARS-CoV-2 (Sinovac),2021-04-06,1067,1011.0
>=70,Campaña SARS-CoV-2 (Sinovac),2021-04-07,1013,963.0
>=70,Campaña SARS-CoV-2 (Sinovac),2021-04-08,931,871.0
>=70,Campaña SARS-CoV-2 (Sinovac),2021-04-09,962,896.0
>=70,Campaña SARS-CoV-2 (Sinovac),2021-04-10,103,94.0
>=70,Campaña SARS-CoV-2 (Sinovac),2021-04-11,9,9.0
>=70,Campaña SARS-CoV-2 (Sinovac),2021-04-12,720,672.0
>=70,Campaña SARS-CoV-2 (Sinovac),2021-04-13,499,462.0
>=70,Campaña SARS-CoV-2 (Sinovac),2021-04-14,498,462.0
>=70,Campaña SARS-CoV-2 (Sinovac),2021-04-15,510,465.0
>=70,Campaña SARS-CoV-2 (Sinovac),2021-04-16,502,464.0
>=70,Campaña SARS-CoV-2 (Sinovac),2021-04-17,47,44.0
>=70,Campaña SARS-CoV-2 (Sinovac),2021-04-18,3,3.0
>=70,Campaña SARS-CoV-2 (Sinovac),2021-04-19,998,940.0
>=70,Campaña SARS-CoV-2 (Sinovac),2021-04-20,1007,931.0
>=70,Campaña SARS-CoV-2 (Sinovac),2021-04-21,793,731.0
>=70,Campaña SARS-CoV-2 (Sinovac),2021-04-22,901,850.0
>=70,Campaña SARS-CoV-2 (Sinovac),2021-04-23,798,733.0
>=70,Campaña SARS-CoV-2 (Sinovac),2021-04-24,133,119.0
>=70,Campaña SARS-CoV-2 (Sinovac),2021-04-25,8,7.0
>=70,Campaña SARS-CoV-2 (Sinovac),2021-04-26,501,465.0
>=70,Campaña SARS-CoV-2 (Sinovac),2021-04-27,302,267.0
>=70,Campaña SARS-CoV-2 (Sinovac),2021-04-28,288,250.0
>=70,Campaña SARS-CoV-2 (Sinovac),2021-04-29,305,266.0
>=70,Campaña SARS-CoV-2 (Sinovac),2021-04-30,398,368.0
>=70,Campaña SARS-CoV-2 (Sinovac),2021-05-01,13,9.0
>=70,Campaña SARS-CoV-2 (Sinovac),2021-05-02,9,8.0
>=70,Campaña SARS-CoV-2 (Sinovac),2021-05-03,618,557.0
>=70,Campaña SARS-CoV-2 (Sinovac),2021-05-04,621,556.0
>=70,Campaña SARS-CoV-2 (Sinovac),2021-05-05,726,663.0
>=70,Campaña SARS-CoV-2 (Sinovac),2021-05-06,746,646.0
>=70,Campaña SARS-CoV-2 (Sinovac),2021-05-07,740,651.0
>=70,Campaña SARS-CoV-2 (Sinovac),2021-05-08,125,100.0
>=70,Campaña SARS-CoV-2 (Sinovac),2021-05-09,4,4.0
>=70,Campaña SARS-CoV-2 (Sinovac),2021-05-10,875,741.0
>=70,Campaña SARS-CoV-2 (Sinovac),2021-05-11,907,763.0
>=70,Campaña SARS-CoV-2 (Sinovac),2021-05-12,819,629.0
>=70,Campaña SARS-CoV-2 (Sinovac),2021-05-13,740,483.0
>=70,Campaña SARS-CoV-2 (Sinovac),2021-05-14,732,60.0
>=70,Campaña SARS-CoV-2 (Sinovac),2021-05-15,9,0.0
>=70,Campaña SARS-CoV-2 (Sinovac),2021-05-16,2,0.0
>=70,Campaña SARS-CoV-2 (Sinovac),2021-05-17,561,1.0
>=70,Campaña SARS-CoV-2 (Sinovac),2021-05-18,400,0.0
>=70,Campaña SARS-CoV-2 (Sinovac),2021-05-19,383,0.0
>=70,Campaña SARS-CoV-2 (Sinovac),2021-05-20,460,0.0
>=70,Campaña SARS-CoV-2 (Sinovac),2021-05-21,9,0.0
>=70,Campaña SARS-CoV-2 (Sinovac),2021-05-22,93,1.0
>=70,Campaña SARS-CoV-2 (Sinovac),2021-05-23,15,0.0
>=70,Campaña SARS-CoV-2 (Sinovac),2021-05-24,1141,1.0
>=70,Campaña SARS-CoV-2 (Sinovac),2021-05-25,1141,0.0
>=70,Campaña SARS-CoV-2 (Sinovac),2021-05-26,1373,0.0
>=70,Campaña SARS-CoV-2 (Sinovac),2021-05-27,1371,0.0
>=70,Campaña SARS-CoV-2 (Sinovac),2021-05-28,1431,0.0
>=70,Campaña SARS-CoV-2 (Sinovac),2021-05-29,289,0.0
>=70,Campaña SARS-CoV-2 (Sinovac),2021-05-30,49,0.0
>=70,Campaña SARS-CoV-2 (Sinovac),2021-05-31,1056,0.0
>=70,Campaña SARS-CoV-2 (Sinovac),2021-06-01,315,0.0
>=70,Campaña SARS-CoV-2 (Sinovac),2021-06-02,371,0.0
>=70,Campaña SARS-CoV-2 (Sinovac),2021-06-03,493,0.0
>=70,Campaña SARS-CoV-2 (Sinovac),2021-06-04,517,0.0
>=70,Campaña SARS-CoV-2 (Sinovac),2021-06-05,163,0.0
>=70,Campaña SARS-CoV-2 (Sinovac),2021-06-06,19,0.0
>=70,Campaña SARS-CoV-2 (Sinovac),2021-06-07,1321,0.0
>=70,Campaña SARS-CoV-2 (Sinovac),2021-06-08,1361,0.0
>=70,Campaña SARS-CoV-2 (Sinovac),2021-06-09,1388,0.0
>=70,Campaña SARS-CoV-2 (Sinovac),2021-06-10,1108,0.0
>=70,Campaña SARS-CoV-2 (Sinovac),2021-06-11,54,0.0
>=70,Campaña SARS-CoV-2 (Sinovac),2021-06-12,9,0.0
